--
-- PostgreSQL database dump
--

-- Dumped from database version 16.8 (Debian 16.8-1.pgdg120+1)
-- Dumped by pg_dump version 16.7

SET statement_timeout = 0;
SET lock_timeout = 0;
SET idle_in_transaction_session_timeout = 0;
SET client_encoding = 'UTF8';
SET standard_conforming_strings = on;
SELECT pg_catalog.set_config('search_path', '', false);
SET check_function_bodies = false;
SET xmloption = content;
SET client_min_messages = warning;
SET row_security = off;

--
-- Name: adminpack; Type: EXTENSION; Schema: -; Owner: -
--

CREATE EXTENSION IF NOT EXISTS adminpack WITH SCHEMA pg_catalog;


--
-- Name: EXTENSION adminpack; Type: COMMENT; Schema: -; Owner: 
--

COMMENT ON EXTENSION adminpack IS 'administrative functions for PostgreSQL';


--
-- Name: flowchart(integer); Type: FUNCTION; Schema: public; Owner: postgres
--

CREATE FUNCTION public.flowchart(question_id integer) RETURNS text
    LANGUAGE plpgsql
    AS $$

DECLARE

    question_text TEXT;

    answer TEXT;

    next_id INT;

    track_id INT;

    track_url TEXT;

BEGIN

    -- Fetch the current question

    SELECT text INTO question_text

    FROM questions

    WHERE questionid = question_id;



    IF NOT FOUND THEN

        RETURN 'No question available for the given input.';

    END IF;



    -- Display the question to the user (Simulated here as an input placeholder)

    RAISE NOTICE 'Question: %', question_text;

    answer = 'user_input_placeholder'; -- Replace with dynamic input handling if needed



    -- Fetch the next question ID or track ID based on the answer

    SELECT next_question_id, trackid INTO next_id, track_id

    FROM answers

    WHERE answer_text = answer;



    IF NOT FOUND THEN

        RETURN 'No track or question found for the given answer.';

    END IF;



    IF track_id IS NOT NULL THEN

        -- Fetch the track URL

        SELECT url INTO track_url

        FROM tracks

        WHERE trackid = track_id;



        IF track_url IS NOT NULL THEN

            RETURN 'Recommended Track URL: ' || track_url;

        ELSE

            RETURN 'Track URL not found.';

        END IF;

    ELSIF next_id IS NOT NULL THEN

        -- Move to the next question

        RETURN flowchart(next_id);

    ELSE

        RETURN 'No track or question available for the given input.';

    END IF;

END;

$$;


ALTER FUNCTION public.flowchart(question_id integer) OWNER TO postgres;

SET default_tablespace = '';

SET default_table_access_method = heap;

--
-- Name: QG_mcqquestion; Type: TABLE; Schema: public; Owner: postgres
--

CREATE TABLE public."QG_mcqquestion" (
    id bigint NOT NULL,
    document_index character varying(50) NOT NULL,
    course_name character varying(255) NOT NULL,
    document_name character varying(255) NOT NULL,
    question_text text NOT NULL,
    option_a character varying(255) NOT NULL,
    option_b character varying(255) NOT NULL,
    option_c character varying(255) NOT NULL,
    option_d character varying(255) NOT NULL,
    correct_answer character varying(255) NOT NULL,
    session_id integer,
    quiz_id integer,
    created_at timestamp without time zone DEFAULT CURRENT_TIMESTAMP
);


ALTER TABLE public."QG_mcqquestion" OWNER TO postgres;

--
-- Name: QG_mcqquestion_id_seq1; Type: SEQUENCE; Schema: public; Owner: postgres
--

ALTER TABLE public."QG_mcqquestion" ALTER COLUMN id ADD GENERATED BY DEFAULT AS IDENTITY (
    SEQUENCE NAME public."QG_mcqquestion_id_seq1"
    START WITH 1
    INCREMENT BY 1
    NO MINVALUE
    NO MAXVALUE
    CACHE 1
);


--
-- Name: QG_quiz; Type: TABLE; Schema: public; Owner: postgres
--

CREATE TABLE public."QG_quiz" (
    id bigint NOT NULL,
    title character varying(255) NOT NULL,
    created_at timestamp with time zone NOT NULL,
    course_id integer
);


ALTER TABLE public."QG_quiz" OWNER TO postgres;

--
-- Name: QG_quiz_id_seq; Type: SEQUENCE; Schema: public; Owner: postgres
--

ALTER TABLE public."QG_quiz" ALTER COLUMN id ADD GENERATED BY DEFAULT AS IDENTITY (
    SEQUENCE NAME public."QG_quiz_id_seq"
    START WITH 1
    INCREMENT BY 1
    NO MINVALUE
    NO MAXVALUE
    CACHE 1
);


--
-- Name: QG_quizresult; Type: TABLE; Schema: public; Owner: postgres
--

CREATE TABLE public."QG_quizresult" (
    id bigint NOT NULL,
    score double precision NOT NULL,
    quiz_id bigint NOT NULL,
    user_id bigint NOT NULL,
    session_id bigint NOT NULL,
    created_at timestamp without time zone DEFAULT CURRENT_TIMESTAMP
);


ALTER TABLE public."QG_quizresult" OWNER TO postgres;

--
-- Name: QG_quizresult_id_seq; Type: SEQUENCE; Schema: public; Owner: postgres
--

ALTER TABLE public."QG_quizresult" ALTER COLUMN id ADD GENERATED BY DEFAULT AS IDENTITY (
    SEQUENCE NAME public."QG_quizresult_id_seq"
    START WITH 1
    INCREMENT BY 1
    NO MINVALUE
    NO MAXVALUE
    CACHE 1
);


--
-- Name: QG_useranswer; Type: TABLE; Schema: public; Owner: postgres
--

CREATE TABLE public."QG_useranswer" (
    id bigint NOT NULL,
    user_answer character varying(255) NOT NULL,
    is_correct boolean NOT NULL,
    question_id integer NOT NULL,
    quiz_id bigint NOT NULL,
    user_id bigint NOT NULL,
    created_at timestamp without time zone DEFAULT CURRENT_TIMESTAMP
);


ALTER TABLE public."QG_useranswer" OWNER TO postgres;

--
-- Name: QG_useranswer_id_seq; Type: SEQUENCE; Schema: public; Owner: postgres
--

ALTER TABLE public."QG_useranswer" ALTER COLUMN id ADD GENERATED BY DEFAULT AS IDENTITY (
    SEQUENCE NAME public."QG_useranswer_id_seq"
    START WITH 1
    INCREMENT BY 1
    NO MINVALUE
    NO MAXVALUE
    CACHE 1
);


--
-- Name: QG_userprogress; Type: TABLE; Schema: public; Owner: postgres
--

CREATE TABLE public."QG_userprogress" (
    id bigint NOT NULL,
    is_completed boolean NOT NULL,
    session_id bigint NOT NULL,
    user_id bigint NOT NULL,
    completed_at timestamp without time zone DEFAULT CURRENT_TIMESTAMP
);


ALTER TABLE public."QG_userprogress" OWNER TO postgres;

--
-- Name: QG_userprogress_id_seq; Type: SEQUENCE; Schema: public; Owner: postgres
--

ALTER TABLE public."QG_userprogress" ALTER COLUMN id ADD GENERATED BY DEFAULT AS IDENTITY (
    SEQUENCE NAME public."QG_userprogress_id_seq"
    START WITH 1
    INCREMENT BY 1
    NO MINVALUE
    NO MAXVALUE
    CACHE 1
);


--
-- Name: auth_group; Type: TABLE; Schema: public; Owner: postgres
--

CREATE TABLE public.auth_group (
    id integer NOT NULL,
    name character varying(150) NOT NULL
);


ALTER TABLE public.auth_group OWNER TO postgres;

--
-- Name: auth_group_id_seq; Type: SEQUENCE; Schema: public; Owner: postgres
--

ALTER TABLE public.auth_group ALTER COLUMN id ADD GENERATED BY DEFAULT AS IDENTITY (
    SEQUENCE NAME public.auth_group_id_seq
    START WITH 1
    INCREMENT BY 1
    NO MINVALUE
    NO MAXVALUE
    CACHE 1
);


--
-- Name: auth_group_permissions; Type: TABLE; Schema: public; Owner: postgres
--

CREATE TABLE public.auth_group_permissions (
    id bigint NOT NULL,
    group_id integer NOT NULL,
    permission_id integer NOT NULL
);


ALTER TABLE public.auth_group_permissions OWNER TO postgres;

--
-- Name: auth_group_permissions_id_seq; Type: SEQUENCE; Schema: public; Owner: postgres
--

ALTER TABLE public.auth_group_permissions ALTER COLUMN id ADD GENERATED BY DEFAULT AS IDENTITY (
    SEQUENCE NAME public.auth_group_permissions_id_seq
    START WITH 1
    INCREMENT BY 1
    NO MINVALUE
    NO MAXVALUE
    CACHE 1
);


--
-- Name: auth_permission; Type: TABLE; Schema: public; Owner: postgres
--

CREATE TABLE public.auth_permission (
    id integer NOT NULL,
    name character varying(255) NOT NULL,
    content_type_id integer NOT NULL,
    codename character varying(100) NOT NULL
);


ALTER TABLE public.auth_permission OWNER TO postgres;

--
-- Name: auth_permission_id_seq; Type: SEQUENCE; Schema: public; Owner: postgres
--

ALTER TABLE public.auth_permission ALTER COLUMN id ADD GENERATED BY DEFAULT AS IDENTITY (
    SEQUENCE NAME public.auth_permission_id_seq
    START WITH 1
    INCREMENT BY 1
    NO MINVALUE
    NO MAXVALUE
    CACHE 1
);


--
-- Name: authtoken_token; Type: TABLE; Schema: public; Owner: postgres
--

CREATE TABLE public.authtoken_token (
    key character varying(40) NOT NULL,
    created timestamp with time zone NOT NULL,
    user_id bigint NOT NULL
);


ALTER TABLE public.authtoken_token OWNER TO postgres;

--
-- Name: courses; Type: TABLE; Schema: public; Owner: postgres
--

CREATE TABLE public.courses (
    id integer NOT NULL,
    name character varying(255) NOT NULL,
    description text,
    trackid integer,
    created_at timestamp without time zone DEFAULT CURRENT_TIMESTAMP,
    rate numeric(3,2),
    updated_at timestamp without time zone DEFAULT CURRENT_TIMESTAMP,
    status character varying(50),
    category character varying(100),
    title character varying(255),
    instructor_id integer,
    sessionsnumber integer,
    user_id bigint
);


ALTER TABLE public.courses OWNER TO postgres;

--
-- Name: playlist; Type: TABLE; Schema: public; Owner: postgres
--

CREATE TABLE public.playlist (
    video_id integer NOT NULL,
    name character varying(255) NOT NULL,
    duration interval NOT NULL,
    description text,
    rating numeric(3,2),
    difficultylevel character varying(20),
    url character varying(2083),
    course_id integer,
    created_at timestamp without time zone,
    track_id integer,
    "isDone" boolean NOT NULL,
    "sessionOrder" integer NOT NULL,
    CONSTRAINT courses_difficultylevel_check CHECK (((difficultylevel)::text = ANY (ARRAY[('Beginner'::character varying)::text, ('Intermediate'::character varying)::text, ('Advanced'::character varying)::text]))),
    CONSTRAINT "playlist_sessionOrder_check" CHECK (("sessionOrder" >= 0))
);


ALTER TABLE public.playlist OWNER TO postgres;

--
-- Name: courses_courseid_seq; Type: SEQUENCE; Schema: public; Owner: postgres
--

CREATE SEQUENCE public.courses_courseid_seq
    AS integer
    START WITH 1
    INCREMENT BY 1
    NO MINVALUE
    NO MAXVALUE
    CACHE 1;


ALTER SEQUENCE public.courses_courseid_seq OWNER TO postgres;

--
-- Name: courses_courseid_seq; Type: SEQUENCE OWNED BY; Schema: public; Owner: postgres
--

ALTER SEQUENCE public.courses_courseid_seq OWNED BY public.playlist.video_id;


--
-- Name: courses_id_seq; Type: SEQUENCE; Schema: public; Owner: postgres
--

CREATE SEQUENCE public.courses_id_seq
    AS integer
    START WITH 1
    INCREMENT BY 1
    NO MINVALUE
    NO MAXVALUE
    CACHE 1;


ALTER SEQUENCE public.courses_id_seq OWNER TO postgres;

--
-- Name: courses_id_seq; Type: SEQUENCE OWNED BY; Schema: public; Owner: postgres
--

ALTER SEQUENCE public.courses_id_seq OWNED BY public.courses.id;


--
-- Name: django_admin_log; Type: TABLE; Schema: public; Owner: postgres
--

CREATE TABLE public.django_admin_log (
    id integer NOT NULL,
    action_time timestamp with time zone NOT NULL,
    object_id text,
    object_repr character varying(200) NOT NULL,
    action_flag smallint NOT NULL,
    change_message text NOT NULL,
    content_type_id integer,
    user_id bigint NOT NULL,
    CONSTRAINT django_admin_log_action_flag_check CHECK ((action_flag >= 0))
);


ALTER TABLE public.django_admin_log OWNER TO postgres;

--
-- Name: django_admin_log_id_seq; Type: SEQUENCE; Schema: public; Owner: postgres
--

ALTER TABLE public.django_admin_log ALTER COLUMN id ADD GENERATED BY DEFAULT AS IDENTITY (
    SEQUENCE NAME public.django_admin_log_id_seq
    START WITH 1
    INCREMENT BY 1
    NO MINVALUE
    NO MAXVALUE
    CACHE 1
);


--
-- Name: django_content_type; Type: TABLE; Schema: public; Owner: postgres
--

CREATE TABLE public.django_content_type (
    id integer NOT NULL,
    app_label character varying(100) NOT NULL,
    model character varying(100) NOT NULL
);


ALTER TABLE public.django_content_type OWNER TO postgres;

--
-- Name: django_content_type_id_seq; Type: SEQUENCE; Schema: public; Owner: postgres
--

ALTER TABLE public.django_content_type ALTER COLUMN id ADD GENERATED BY DEFAULT AS IDENTITY (
    SEQUENCE NAME public.django_content_type_id_seq
    START WITH 1
    INCREMENT BY 1
    NO MINVALUE
    NO MAXVALUE
    CACHE 1
);


--
-- Name: django_migrations; Type: TABLE; Schema: public; Owner: postgres
--

CREATE TABLE public.django_migrations (
    id bigint NOT NULL,
    app character varying(255) NOT NULL,
    name character varying(255) NOT NULL,
    applied timestamp with time zone NOT NULL
);


ALTER TABLE public.django_migrations OWNER TO postgres;

--
-- Name: django_migrations_id_seq; Type: SEQUENCE; Schema: public; Owner: postgres
--

ALTER TABLE public.django_migrations ALTER COLUMN id ADD GENERATED BY DEFAULT AS IDENTITY (
    SEQUENCE NAME public.django_migrations_id_seq
    START WITH 1
    INCREMENT BY 1
    NO MINVALUE
    NO MAXVALUE
    CACHE 1
);


--
-- Name: django_session; Type: TABLE; Schema: public; Owner: postgres
--

CREATE TABLE public.django_session (
    session_key character varying(40) NOT NULL,
    session_data text NOT NULL,
    expire_date timestamp with time zone NOT NULL
);


ALTER TABLE public.django_session OWNER TO postgres;

--
-- Name: roadmap_user_ques_answers; Type: TABLE; Schema: public; Owner: postgres
--

CREATE TABLE public.roadmap_user_ques_answers (
    id bigint NOT NULL,
    difficulty_level character varying(50) NOT NULL,
    track character varying(100) NOT NULL,
    custom_answer text NOT NULL,
    created_at timestamp with time zone NOT NULL,
    user_id bigint NOT NULL
);


ALTER TABLE public.roadmap_user_ques_answers OWNER TO postgres;

--
-- Name: roadmap_user_ques_answers_id_seq; Type: SEQUENCE; Schema: public; Owner: postgres
--

ALTER TABLE public.roadmap_user_ques_answers ALTER COLUMN id ADD GENERATED BY DEFAULT AS IDENTITY (
    SEQUENCE NAME public.roadmap_user_ques_answers_id_seq
    START WITH 1
    INCREMENT BY 1
    NO MINVALUE
    NO MAXVALUE
    CACHE 1
);


--
-- Name: roadmap_userroadmaps; Type: TABLE; Schema: public; Owner: postgres
--

CREATE TABLE public.roadmap_userroadmaps (
    id bigint NOT NULL,
    coursename character varying(255),
    "order" integer NOT NULL,
    course_id bigint,
    user_id bigint,
    CONSTRAINT roadmap_userroadmaps_order_check CHECK (("order" >= 0))
);


ALTER TABLE public.roadmap_userroadmaps OWNER TO postgres;

--
-- Name: roadmap_userroadmaps_id_seq; Type: SEQUENCE; Schema: public; Owner: postgres
--

ALTER TABLE public.roadmap_userroadmaps ALTER COLUMN id ADD GENERATED BY DEFAULT AS IDENTITY (
    SEQUENCE NAME public.roadmap_userroadmaps_id_seq
    START WITH 1
    INCREMENT BY 1
    NO MINVALUE
    NO MAXVALUE
    CACHE 1
);


--
-- Name: token_blacklist_blacklistedtoken; Type: TABLE; Schema: public; Owner: postgres
--

CREATE TABLE public.token_blacklist_blacklistedtoken (
    id bigint NOT NULL,
    blacklisted_at timestamp with time zone NOT NULL,
    token_id bigint NOT NULL
);


ALTER TABLE public.token_blacklist_blacklistedtoken OWNER TO postgres;

--
-- Name: token_blacklist_blacklistedtoken_id_seq; Type: SEQUENCE; Schema: public; Owner: postgres
--

ALTER TABLE public.token_blacklist_blacklistedtoken ALTER COLUMN id ADD GENERATED BY DEFAULT AS IDENTITY (
    SEQUENCE NAME public.token_blacklist_blacklistedtoken_id_seq
    START WITH 1
    INCREMENT BY 1
    NO MINVALUE
    NO MAXVALUE
    CACHE 1
);


--
-- Name: token_blacklist_outstandingtoken; Type: TABLE; Schema: public; Owner: postgres
--

CREATE TABLE public.token_blacklist_outstandingtoken (
    id bigint NOT NULL,
    token text NOT NULL,
    created_at timestamp with time zone,
    expires_at timestamp with time zone NOT NULL,
    user_id bigint,
    jti character varying(255) NOT NULL
);


ALTER TABLE public.token_blacklist_outstandingtoken OWNER TO postgres;

--
-- Name: token_blacklist_outstandingtoken_id_seq; Type: SEQUENCE; Schema: public; Owner: postgres
--

ALTER TABLE public.token_blacklist_outstandingtoken ALTER COLUMN id ADD GENERATED BY DEFAULT AS IDENTITY (
    SEQUENCE NAME public.token_blacklist_outstandingtoken_id_seq
    START WITH 1
    INCREMENT BY 1
    NO MINVALUE
    NO MAXVALUE
    CACHE 1
);


--
-- Name: tracks; Type: TABLE; Schema: public; Owner: postgres
--

CREATE TABLE public.tracks (
    trackid integer NOT NULL,
    name character varying(255) NOT NULL
);


ALTER TABLE public.tracks OWNER TO postgres;

--
-- Name: tracks_trackid_seq; Type: SEQUENCE; Schema: public; Owner: postgres
--

CREATE SEQUENCE public.tracks_trackid_seq
    AS integer
    START WITH 1
    INCREMENT BY 1
    NO MINVALUE
    NO MAXVALUE
    CACHE 1;


ALTER SEQUENCE public.tracks_trackid_seq OWNER TO postgres;

--
-- Name: tracks_trackid_seq; Type: SEQUENCE OWNED BY; Schema: public; Owner: postgres
--

ALTER SEQUENCE public.tracks_trackid_seq OWNED BY public.tracks.trackid;


--
-- Name: users_customuser; Type: TABLE; Schema: public; Owner: postgres
--

CREATE TABLE public.users_customuser (
    id integer NOT NULL,
    username character varying(150) NOT NULL,
    first_name character varying(30) NOT NULL,
    last_name character varying(30) NOT NULL,
    email character varying(254) NOT NULL,
    phone character varying(15),
    photo character varying(255),
    join_date timestamp with time zone DEFAULT CURRENT_TIMESTAMP,
    password character varying(128) NOT NULL,
    is_superuser boolean DEFAULT false NOT NULL,
    is_staff boolean DEFAULT false NOT NULL,
    is_active boolean DEFAULT true NOT NULL,
    date_joined timestamp with time zone DEFAULT CURRENT_TIMESTAMP,
    last_login timestamp with time zone,
    birthdate date,
    gender character varying(20),
    location character varying(255),
    profile_picture_url character varying(2083),
    created_at timestamp without time zone DEFAULT CURRENT_TIMESTAMP,
    updated_at timestamp without time zone DEFAULT CURRENT_TIMESTAMP,
    disability_type character varying(20) DEFAULT 'none'::character varying,
    interest character varying(50),
    level character varying(50)
);


ALTER TABLE public.users_customuser OWNER TO postgres;

--
-- Name: users_customuser_id_seq; Type: SEQUENCE; Schema: public; Owner: postgres
--

CREATE SEQUENCE public.users_customuser_id_seq
    AS integer
    START WITH 1
    INCREMENT BY 1
    NO MINVALUE
    NO MAXVALUE
    CACHE 1;


ALTER SEQUENCE public.users_customuser_id_seq OWNER TO postgres;

--
-- Name: users_customuser_id_seq; Type: SEQUENCE OWNED BY; Schema: public; Owner: postgres
--

ALTER SEQUENCE public.users_customuser_id_seq OWNED BY public.users_customuser.id;


--
-- Name: courses id; Type: DEFAULT; Schema: public; Owner: postgres
--

ALTER TABLE ONLY public.courses ALTER COLUMN id SET DEFAULT nextval('public.courses_id_seq'::regclass);


--
-- Name: playlist video_id; Type: DEFAULT; Schema: public; Owner: postgres
--

ALTER TABLE ONLY public.playlist ALTER COLUMN video_id SET DEFAULT nextval('public.courses_courseid_seq'::regclass);


--
-- Name: tracks trackid; Type: DEFAULT; Schema: public; Owner: postgres
--

ALTER TABLE ONLY public.tracks ALTER COLUMN trackid SET DEFAULT nextval('public.tracks_trackid_seq'::regclass);


--
-- Name: users_customuser id; Type: DEFAULT; Schema: public; Owner: postgres
--

ALTER TABLE ONLY public.users_customuser ALTER COLUMN id SET DEFAULT nextval('public.users_customuser_id_seq'::regclass);


--
-- Data for Name: QG_mcqquestion; Type: TABLE DATA; Schema: public; Owner: postgres
--

COPY public."QG_mcqquestion" (id, document_index, course_name, document_name, question_text, option_a, option_b, option_c, option_d, correct_answer, session_id, quiz_id, created_at) FROM stdin;
1	Lec1	SQL Course	Introduction To SQL Programming_002.pdf	What is a super type?	A) A table in a database	B) An attribute in a relational schema	C) A subtype of an entity	N/A	C) A subtype of an entity	\N	\N	2025-04-11 11:08:42.810002
2	Lec1	SQL Course	Introduction To SQL Programming_002.pdf	Which is not true about the primary key?	A) It uniquely identifies any row within a table	B) It does not exist in every relation to which there is a relationship specified	C) It can have multiple values	N/A	B) It does not exist in every relation to which there is a relationship specified	\N	\N	2025-04-11 11:08:42.810002
3	Lec1	SQL Course	Introduction To SQL Programming_002.pdf	Which of the following is not an attribute?	A) A table	B) An entity	C) A characterstic of an entity	N/A	N/A	\N	\N	2025-04-11 11:08:42.810002
4	Lec1	SQL Course	Introduction To SQL Programming_002.pdf	What does the acronym DBMS stand for in a database management system?	A) Data Base Management System	B) Database Management System	C) Data Base Management System	D) None of the above	B) Database Management System	\N	\N	2025-04-11 11:08:42.810002
5	Lec1	SQL Course	Introduction To SQL Programming_002.pdf	What is a primary key in a database?	A) A column that uniquely identifies each row in a table	B) A column that has unique values for all rows	C) An attribute of an entity that can be null	D) None of the above	A) A column that uniquely identifies each row in a table	\N	\N	2025-04-11 11:08:42.810002
6	Lec1	SQL Course	Introduction To SQL Programming_002.pdf	What is SQL?	A) A programming language used for managing and manipulating databases	B) A type of file format for storing data	C) An acronym that stands for Structured Query Language	D) None of the above	A) A programming language used for managing and manipulating databases	\N	\N	2025-04-11 11:08:42.810002
7	Lec1	SQL Course	Introduction To SQL Programming_002.pdf	What is a foreign key in a database?	A) A column that uniquely identifies each row in a table	B) A reference to the primary key of another table	C) An attribute of an entity that can be null	D) None of the above	B) A reference to the primary key of another table	\N	\N	2025-04-11 11:08:42.810002
8	Lec1	SQL Course	Introduction To SQL Programming_002.pdf	What does SQL stand for?	A) Structured Query Language	B) Simple Query Language	C) None of the above	D) All of the above	A) Structured Query Language	\N	\N	2025-04-11 11:08:42.810002
9	Lec1	SQL Course	Introduction To SQL Programming_002.pdf	Which of the following is NOT a type of database?	A) Relational Database	B) Object-oriented Database	C) None of the above	D) All of the above	D) All of the above	\N	\N	2025-04-11 11:08:42.810002
10	Lec1	SQL Course	Introduction To SQL Programming_002.pdf	What does M:N stand for in a database?	A) Many-to-One Relationship	B) One-to-Many Relationship	C) Many-to-Many Relationship	D) None of the above	C) Many-to-Many Relationship	\N	\N	2025-04-11 11:08:42.810002
11	Lec1	SQL Course	Introduction To SQL Programming_002.pdf	What is a weak entity in a database?	A) An entity that cannot be uniquely identified by its attributes alone	B) A table with one or more columns containing null values	C) None of the above	D) All of the above	A) An entity that cannot be uniquely identified by its attributes alone	\N	\N	2025-04-11 11:08:42.810002
12	Lec1	SQL Course	Introduction To SQL Programming_002.pdf	What is a subtype in database terms?	A) A table that has one or more columns containing null values	B) A type of table where each row represents an instance of the entity and each column contains attribute value(s) for a particular aspect of the entity state	C) None of the above	D) All of the above	A) A table that has one or more columns containing null values	\N	\N	2025-04-11 11:08:42.810002
13	Lec1	SQL Course	Introduction To SQL Programming_002.pdf	What is normalization in database terms?	A) The process of organizing data to avoid redundancy	B) The process of creating tables for entities and relationships	C) The process of eliminating duplicate data	D) None of the above	A) The process of organizing data to avoid redundancy	\N	\N	2025-04-11 11:08:42.810002
14	Lec1	SQL Course	Introduction To SQL Programming_002.pdf	What is an attribute in a database?	A) A column that uniquely identifies each row in a table	B) A characteristic or property of an entity	C) An entity that cannot be uniquely identified by its attributes alone	D) None of the above	B) A characteristic or property of an entity	\N	\N	2025-04-11 11:08:42.810002
15	Lec1	SQL Course	Introduction To SQL Programming_002.pdf	What is a table in a database?	A) A collection of rows and columns used to represent data	B) A set of related entities stored together	C) None of the above	D) All of the above	A) A collection of rows and columns used to represent data	\N	\N	2025-04-11 11:08:42.810002
16	Lec1	SQL Course	Introduction To SQL Programming_002.pdf	What is a binary 1:N relationship type?	A) One entity has one instance of another entity, but the other can have multiple instances of the first	B) One entity must exist before another	C) None of the above	D) All of the above	A) One entity has one instance of another entity, but the other can have multiple instances of the first	\N	\N	2025-04-11 11:08:42.810002
17	Lec1	SQL Course	Introduction To SQL Programming_002.pdf	What does RDBMS stand for?	A) Relational Database Management System	B) Reality Database Management System	C) None of the above	D) All of the above	N/A	\N	\N	2025-04-11 11:08:42.810002
18	Lec1	SQL Course	Introduction To SQL Programming_002.pdf	What is a database?	A) A collection of data stored in a computer	B) An acronym that stands for Structured Query Language	C) None of the above	D) All of the above	A) A collection of data stored in a computer	\N	\N	2025-04-11 11:08:42.810002
19	Lec1	SQL Course	Introduction To SQL Programming_002.pdf	What does ER stand for?	A) Entity Relationship Diagram	B) Extensible Record	C) None of the above	D) All of the above	A) Entity Relationship Diagram	\N	\N	2025-04-11 11:08:42.810002
20	Lec1	SQL Course	Introduction To SQL Programming_002.pdf	What does RDBMS stand for?	A) Relational Database Management System	B) Reality Database Management System	C) None of the above	D) All of the above	A) Relational Database Management System	\N	\N	2025-04-11 11:08:42.810002
21	Lec2	SQL Course	Introduction To SQL Programming.pdf	What does an ERD stand for in database design?	A) Entity Relationship Diagram	B) Extended Relational Database	C) Enhanced Resolution Database	D) Efficient Rental Database	A) Entity Relationship Diagram	\N	\N	2025-04-11 11:08:42.810002
22	Lec2	SQL Course	Introduction To SQL Programming.pdf	What are the main features of different DBMSs in the market?	A) Speed and Security	B) Cost-effective and Flexible	C) Advanced analytics and Data warehousing	D) Secure and Integrated	B) Cost-effective and Flexible	\N	\N	2025-04-11 11:08:42.810002
23	Lec2	SQL Course	Introduction To SQL Programming.pdf	Which of the following is not a type of key in a relational database?	A) Primary Key	B) Foreign Key	C) Candidate Key	D) Clustering Key	D) Clustering Key	\N	\N	2025-04-11 11:08:42.810002
24	Lec2	SQL Course	Introduction To SQL Programming.pdf	What does SQL stand for in Database Management Systems?	A) Sequential Query Language	B) Structured Query Language	C) Simple Query Language	D) Standard Question Language	N/A	\N	\N	2025-04-11 11:08:42.810002
25	Lec2	SQL Course	Introduction To SQL Programming.pdf	What is the purpose of a database backup?	A) To protect against natural disasters	B) To ensure that data can be recovered in case of system failure	C) To enhance system performance	D) To save storage costs	B) To ensure that data can be recovered in case of system failure	\N	\N	2025-04-11 11:08:42.810002
26	Lec2	SQL Course	Introduction To SQL Programming.pdf	What is the primary role of a DBMS?	A) To manage access and security	B) To provide concurrency control	C) To store data	D) To process transactions	B) To provide concurrency control	\N	\N	2025-04-11 11:08:42.810002
27	Lec2	SQL Course	Introduction To SQL Programming.pdf	What is a clustered index in SQL Server?	A) It's an ordered list of the rows in a table or view, based on column values	B) It's an automatic process that rearranges and sorts data	C) It contains one row per page	D) It provides automated backup and recovery services	A) It's an ordered list of the rows in a table or view, based on column values	\N	\N	2025-04-11 11:08:42.810002
28	Lec2	SQL Course	Introduction To SQL Programming.pdf	What is normalization in databases?	A) The process of organizing data to eliminate redundancies and improve data integrity	B) A method for storing data that allows efficient retrieval of information	C) An algorithm for sorting numbers	D) A type of index used in SQL Server	A) The process of organizing data to eliminate redundancies and improve data integrity	\N	\N	2025-04-11 11:08:42.810002
29	Lec2	SQL Course	Introduction To SQL Programming.pdf	What is the purpose of a transaction log?	A) To prevent unauthorized access to the database	B) To track all transactions that modify data in the database	C) To store copies of data for backup and recovery purposes	D) To provide concurrency control	B) To track all transactions that modify data in the database	\N	\N	2025-04-11 11:08:42.810002
30	Lec2	SQL Course	Introduction To SQL Programming.pdf	What is the primary role of a DBMS?	A) To manage physical storage	B) To provide concurrency control	C) To store data	D) To process transactions	B) To provide concurrency control	\N	\N	2025-04-11 11:08:42.810002
31	Lec2	SQL Course	Introduction To SQL Programming.pdf	What is the purpose of a DBMS?	A) To manage physical storage	B) To ensure data consistency and security	C) To store data	D) To process transactions	B) To ensure data consistency and security	\N	\N	2025-04-11 11:08:42.810002
32	Lec2	SQL Course	Introduction To SQL Programming.pdf	What does DDL stand for in database management systems?	A) Data Definition Language	B) Data Detection Language	C) Data Display Language	D) Data Deletion Language	A) Data Definition Language	\N	\N	2025-04-11 11:08:42.810002
33	Lec2	SQL Course	Introduction To SQL Programming.pdf	What is a foreign key in SQL?	A) It's a column or group of columns used to link two tables together	B) It provides automated backup and recovery services	C) It stores data for different time periods	D) It enables concurrent access	A) It's a column or group of columns used to link two tables together	\N	\N	2025-04-11 11:08:42.810002
34	Lec2	SQL Course	Introduction To SQL Programming.pdf	What is the primary role of an Entity Relationship Diagram (ERD)?	A) To provide a visual representation of data	B) To represent the relationships between entities in a database	C) To store data for different time periods	D) To manage physical storage	B) To represent the relationships between entities in a database	\N	\N	2025-04-11 11:08:42.810002
35	Lec2	SQL Course	Introduction To SQL Programming.pdf	What is normalization in databases?	A) The process of organizing data to eliminate redundancies and improve data integrity	B) A method for storing data that allows efficient retrieval of information	C) An algorithm for sorting numbers	D) A type of index used in SQL Server	A) The process of organizing data to eliminate redundancies and improve data integrity	\N	\N	2025-04-11 11:08:42.810002
36	Lec3	SQL Course	Introduction To SQL Programming_003.pdf	What is the name of Musicana's database designer?	A) John Doe	B) Jane Smith	C) Robert Roe	D) Mary Major	B) Jane Smith	\N	\N	2025-04-11 11:08:42.810002
37	Lec3	SQL Course	Introduction To SQL Programming_003.pdf	What is the unique name of Musicana's instrument?	A) Guitar	B) Piano	C) Flute	D) Saxophone	A) Guitar	\N	\N	2025-04-11 11:08:42.810002
38	Lec3	SQL Course	Introduction To SQL Programming_003.pdf	Which table has the primary key of 'Musician_ID'?	A) Musicians	B) Instruments	C) Songs	D) Albums	A) Musicians	\N	\N	2025-04-11 11:08:42.810002
39	Lec3	SQL Course	Introduction To SQL Programming_003.pdf	What is the name of Musicana's main musician table?	A) Album	B) Instrument	C) Musicians	D) Song	C) Musicians	\N	\N	2025-04-11 11:08:42.810002
40	Lec3	SQL Course	Introduction To SQL Programming_003.pdf	What field in the 'Musicians' table holds information about the musician's ID number?	A) Name	B) Address	C) PhoneNumber	D) Instrument	C) PhoneNumber	\N	\N	2025-04-11 11:08:42.810002
41	Lec3	SQL Course	Introduction To SQL Programming_003.pdf	What table stores the instruments used by Musicana's musicians?	A) Album	B) Song	C) Musicians	D) Instrument	D) Instrument	\N	\N	2025-04-11 11:08:42.810002
42	Lec3	SQL Course	Introduction To SQL Programming_003.pdf	What field in the 'Instruments' table stores information about the unique name of an instrument?	A) Title	B) CopyrightDate	C) UniqueName	D) MusicalKey	N/A	\N	\N	2025-04-11 11:08:42.810002
43	Lec3	SQL Course	Introduction To SQL Programming_003.pdf	Which table stores information about the Musicana's albums?	A) Song	B) Album	C) Musicians	D) Instrument	B) Album	\N	\N	2025-04-11 11:08:42.810002
44	Lec3	SQL Course	Introduction To SQL Programming_003.pdf	What field in the 'Albums' table holds information about the album identifier?	A) SongTitle	B) CopyrightDate	C) UniqueIdentifier	D) ProducerId	C) UniqueIdentifier	\N	\N	2025-04-11 11:08:42.810002
45	Lec3	SQL Course	Introduction To SQL Programming_003.pdf	Which table stores information about the songs performed by Musicana's musicians?	A) Song	B) Album	C) Musicians	D) Instrument	A) Song	\N	\N	2025-04-11 11:08:42.810002
46	Lec3	SQL Course	Introduction To SQL Programming_003.pdf	What field in the 'Songs' table holds information about the song title?	A) AuthorName	B) SongTitle	C) AlbumIdentifier	D) MusicianId	B) SongTitle	\N	\N	2025-04-11 11:08:42.810002
47	Lec3	SQL Course	Introduction To SQL Programming_003.pdf	Which table stores information about the musicians who produce the albums?	A) Song	B) Producer	C) Album	D) Musicians	B) Producer	\N	\N	2025-04-11 11:08:42.810002
48	Lec3	SQL Course	Introduction To SQL Programming_003.pdf	What field in the 'Producer' table holds information about the producer's ID number?	A) Name	B) Address	C) PhoneNumber	D) AlbumId	C) PhoneNumber	\N	\N	2025-04-11 11:08:42.810002
49	Lec1	SQL	Introduction To SQL Programming.pdf	What is a Database Management System (DBMS)?	A) A software used for managing and querying databases.	B) A programming language designed to manipulate databases.	C) An algorithm that sorts data in a database.	D) A type of data storage device.	A) A software used for managing and querying databases.	\N	\N	2025-04-11 11:08:42.810002
50	Lec1	SQL	Introduction To SQL Programming.pdf	What is the main difference between a relational database and a file-based system?	A) The former allows complex queries.	B) The latter stores data in a way that it can be accessed quickly.	C) Both are easily accessible to users.	D) Neither of the above.	B) The former allows complex queries.	\N	\N	2025-04-11 11:08:42.810002
51	Lec1	SQL	Introduction To SQL Programming.pdf	What does SQL stand for?	A) Simple Query Language	B) Structured Query Language	C) System Query Language	D) None of the above	B) Structured Query Language	\N	\N	2025-04-11 11:08:42.810002
52	Lec1	SQL	Introduction To SQL Programming.pdf	What does DML stand for in SQL?	A) Data Manipulation Language	B) Data Misuse Language	C) Data Manifold Language	D) None of the above	A) Data Manipulation Language	\N	\N	2025-04-11 11:08:42.810002
53	Lec1	SQL	Introduction To SQL Programming.pdf	Which of these is not a type of database?	A) Relational Database	B) NoSQL Database	C) Object-oriented Database	D) None of the above	D) None of the above	\N	\N	2025-04-11 11:08:42.810002
54	Lec1	SQL	Introduction To SQL Programming.pdf	What does DCL stand for in SQL?	A) Data Control Language	B) Data Combine Language	C) Data Calculate Language	D) Data Clear Language	A) Data Control Language	\N	\N	2025-04-11 11:08:42.810002
55	Lec1	SQL	Introduction To SQL Programming.pdf	What does SQL stand for in the context of databases?	A) Simple Querying Language	B) Structured Querying Language	C) System Querying Language	D) None of the above	B) Structured Querying Language	\N	\N	2025-04-11 11:08:42.810002
56	Lec1	SQL	Introduction To SQL Programming.pdf	What does DDL stand for in SQL?	A) Data Define Language	B) Data Display Language	C) Data Decide Language	D) None of the above	A) Data Define Language	\N	\N	2025-04-11 11:08:42.810002
57	Lec1	SQL	Introduction To SQL Programming.pdf	What does DML stand for in SQL?	A) Data Manipulate Language	B) Data Modify Language	C) Data Migrate Language	D) None of the above	A) Data Manipulate Language	\N	\N	2025-04-11 11:08:42.810002
58	Lec1	SQL	Introduction To SQL Programming.pdf	What does DCL stand for in SQL?	A) Data Control Language	B) Data Compile Language	C) Data Clear Language	D) None of the above	A) Data Control Language	\N	\N	2025-04-11 11:08:42.810002
59	Lec1	SQL	Introduction To SQL Programming.pdf	What does SQL stand for in the context of databases?	A) Simple Query Language	B) Structured Query Language	C) System Query Language	D) None of the above	B) Structured Query Language	\N	\N	2025-04-11 11:08:42.810002
60	Lec1	SQL	Introduction To SQL Programming.pdf	What are the main features of different DBMSs in market?	A) Useful for small-scale projects	B) Highly flexible and efficient	C) Easy to use, but limited functionality	D) Requires expert skills for effective usage	B) Highly flexible and efficient	\N	\N	2025-04-11 11:08:42.810002
61	Lec1	SQL	Introduction To SQL Programming.pdf	Which of the following is not a disadvantage of file-based systems?	A) Limited storage capacity	B) Difficulty in data security	C) Maintenance tasks are time-consuming	D) High cost	D) High cost	\N	\N	2025-04-11 11:08:42.810002
62	Lec1	SQL	Introduction To SQL Programming.pdf	What does ERD stand for in the context of database design?	A) Entity Relationship Diagram	B) Error Reporting and Debugging	C) Event Replication and Distribution	D) Execution Result Display	N/A	\N	\N	2025-04-11 11:08:42.810002
63	Lec1	SQL	Introduction To SQL Programming.pdf	Which of the following is a key feature of a DBMS?	A) Ability to store large amounts of data and manage it efficiently	B) Secure access control features	C) High availability and fault tolerance	D) No special features	C) High availability and fault tolerance	\N	\N	2025-04-11 11:08:42.810002
64	Lec1	SQL	Introduction To SQL Programming.pdf	What does SQL stand for in the context of Database Management Systems?	A) Simple Query Language	B) Structured Query Language	C) Simplified Query Language	D) Standard Question Language	B) Structured Query Language	\N	\N	2025-04-11 11:08:42.810002
65	Lec1	SQL	Introduction To SQL Programming.pdf	What is the primary role of a DBMS in a database system?	A) Provides access to data and allows users to manipulate it	B) Manages storage space for databases	C) Converts unstructured data into structured format	D) All of the above	A) Provides access to data and allows users to manipulate it	\N	\N	2025-04-11 11:08:42.810002
66	Lec1	SQL	Introduction To SQL Programming.pdf	What does DDL stand for in SQL?	A) Data Definition Language	B) Data Display Language	C) Data Delivery Language	D) Data Decision Language	A) Data Definition Language	\N	\N	2025-04-11 11:08:42.810002
67	Lec1	SQL	Introduction To SQL Programming.pdf	What does DML stand for in SQL?	A) Data Manipulation Language	B) Data Memory Loader	C) Data Management Language	D) Data Maintenance Language	A) Data Manipulation Language	\N	\N	2025-04-11 11:08:42.810002
68	Lec1	SQL	Introduction To SQL Programming.pdf	What does DCL stand for in SQL?	A) Data Control Language	B) Data Concurrent Loader	C) Data Central Location	D) Data Calculation Language	A) Data Control Language	\N	\N	2025-04-11 11:08:42.810002
69	Lec1	SQL	Introduction To SQL Programming.pdf	What is the primary function of a database object?	A) To store data and provide access to users	B) To manage user roles and permissions	C) To log transactions and activities	D) All of the above	D) All of the above	\N	\N	2025-04-11 11:08:42.810002
70	Lec1	SQL	Introduction To SQL Programming.pdf	What is the purpose of a database backup?	A) To prevent data loss due to system crashes or other issues	B) To restore access after a data breach	C) To convert unstructured data into structured format	D) None of the above	A) To prevent data loss due to system crashes or other issues	\N	\N	2025-04-11 11:08:42.810002
71	Lec1	SQL	Introduction To SQL Programming.pdf	Which DBMS provides a graphical interface for database design?	A) MySQL	B) Oracle	C) SQL Server	D) PostgreSQL	B) Oracle	\N	\N	2025-04-11 11:08:42.810002
72	Lec1	SQL	Introduction To SQL Programming.pdf	What is the main difference between logical and physical database design?	A) Physical design involves data organization, while logical design includes schema rules	B) Logical design involves schema rules, while physical design involves data organization	C) There is no difference	D) The differences are not clearly defined	A) Physical design involves data organization, while logical design includes schema rules	\N	\N	2025-04-11 11:08:42.810002
73	Lec1	SQL	Introduction To SQL Programming.pdf	What does the acronym DBA stand for in a database context?	A) Database Access Manager	B) Database Audit Bureau	C) Database Administrator	D) Data Base Analyst	C) Database Administrator	\N	\N	2025-04-11 11:08:42.810002
74	Lec1	SQL	Introduction To SQL Programming.pdf	What is the role of a database security analyst?	A) Provides regular updates to ensure data integrity and confidentiality	B) Manages user access rights	C) Monitors all activities related to databases	D) None of these	C) Monitors all activities related to databases	\N	\N	2025-04-11 11:08:42.810002
75	Lec1	SQL	Introduction To SQL Programming.pdf	What does the term 'life cycle' refer to in a database context?	A) The stages through which data is transferred from one system to another	B) A process that involves analyzing and interpreting data	C) The period of time during which databases are created, used, and then destroyed	D) All of the above	C) The period of time during which databases are created, used, and then destroyed	\N	\N	2025-04-11 11:08:42.810002
\.


--
-- Data for Name: QG_quiz; Type: TABLE DATA; Schema: public; Owner: postgres
--

COPY public."QG_quiz" (id, title, created_at, course_id) FROM stdin;
\.


--
-- Data for Name: QG_quizresult; Type: TABLE DATA; Schema: public; Owner: postgres
--

COPY public."QG_quizresult" (id, score, quiz_id, user_id, session_id, created_at) FROM stdin;
\.


--
-- Data for Name: QG_useranswer; Type: TABLE DATA; Schema: public; Owner: postgres
--

COPY public."QG_useranswer" (id, user_answer, is_correct, question_id, quiz_id, user_id, created_at) FROM stdin;
\.


--
-- Data for Name: QG_userprogress; Type: TABLE DATA; Schema: public; Owner: postgres
--

COPY public."QG_userprogress" (id, is_completed, session_id, user_id, completed_at) FROM stdin;
\.


--
-- Data for Name: auth_group; Type: TABLE DATA; Schema: public; Owner: postgres
--

COPY public.auth_group (id, name) FROM stdin;
\.


--
-- Data for Name: auth_group_permissions; Type: TABLE DATA; Schema: public; Owner: postgres
--

COPY public.auth_group_permissions (id, group_id, permission_id) FROM stdin;
\.


--
-- Data for Name: auth_permission; Type: TABLE DATA; Schema: public; Owner: postgres
--

COPY public.auth_permission (id, name, content_type_id, codename) FROM stdin;
1	Can add permission	1	add_permission
2	Can change permission	1	change_permission
3	Can delete permission	1	delete_permission
4	Can view permission	1	view_permission
5	Can add group	2	add_group
6	Can change group	2	change_group
7	Can delete group	2	delete_group
8	Can view group	2	view_group
9	Can add content type	3	add_contenttype
10	Can change content type	3	change_contenttype
11	Can delete content type	3	delete_contenttype
12	Can view content type	3	view_contenttype
13	Can add session	4	add_session
14	Can change session	4	change_session
15	Can delete session	4	delete_session
16	Can view session	4	view_session
17	Can add log entry	5	add_logentry
18	Can change log entry	5	change_logentry
19	Can delete log entry	5	delete_logentry
20	Can view log entry	5	view_logentry
21	Can add user	6	add_user
22	Can change user	6	change_user
23	Can delete user	6	delete_user
24	Can view user	6	view_user
25	Can add Token	7	add_token
26	Can change Token	7	change_token
27	Can delete Token	7	delete_token
28	Can view Token	7	view_token
29	Can add Token	8	add_tokenproxy
30	Can change Token	8	change_tokenproxy
31	Can delete Token	8	delete_tokenproxy
32	Can view Token	8	view_tokenproxy
33	Can add course	9	add_course
34	Can change course	9	change_course
35	Can delete course	9	delete_course
36	Can view course	9	view_course
37	Can add answer	10	add_answer
38	Can change answer	10	change_answer
39	Can delete answer	10	delete_answer
40	Can view answer	10	view_answer
41	Can add user	11	add_customuser
42	Can change user	11	change_customuser
43	Can delete user	11	delete_customuser
44	Can view user	11	view_customuser
45	Can add roadmap	12	add_roadmap
46	Can change roadmap	12	change_roadmap
47	Can delete roadmap	12	delete_roadmap
48	Can view roadmap	12	view_roadmap
49	Can add question	13	add_question
50	Can change question	13	change_question
51	Can delete question	13	delete_question
52	Can view question	13	view_question
53	Can add user answer	14	add_useranswer
54	Can change user answer	14	change_useranswer
55	Can delete user answer	14	delete_useranswer
56	Can view user answer	14	view_useranswer
57	Can add mcq questions	15	add_mcqquestions
58	Can change mcq questions	15	change_mcqquestions
59	Can delete mcq questions	15	delete_mcqquestions
60	Can view mcq questions	15	view_mcqquestions
61	Can add courses	9	add_courses
62	Can change courses	9	change_courses
63	Can delete courses	9	delete_courses
64	Can view courses	9	view_courses
65	Can add mcq question	16	add_mcqquestion
66	Can change mcq question	16	change_mcqquestion
67	Can delete mcq question	16	delete_mcqquestion
68	Can view mcq question	16	view_mcqquestion
69	Can add question	17	add_question
70	Can change question	17	change_question
71	Can delete question	17	delete_question
72	Can view question	17	view_question
73	Can add quiz performance	18	add_quizperformance
74	Can change quiz performance	18	change_quizperformance
75	Can delete quiz performance	18	delete_quizperformance
76	Can view quiz performance	18	view_quizperformance
77	Can add quiz score	19	add_quizscore
78	Can change quiz score	19	change_quizscore
79	Can delete quiz score	19	delete_quizscore
80	Can view quiz score	19	view_quizscore
81	Can add blacklisted token	20	add_blacklistedtoken
82	Can change blacklisted token	20	change_blacklistedtoken
83	Can delete blacklisted token	20	delete_blacklistedtoken
84	Can view blacklisted token	20	view_blacklistedtoken
85	Can add outstanding token	21	add_outstandingtoken
86	Can change outstanding token	21	change_outstandingtoken
87	Can delete outstanding token	21	delete_outstandingtoken
88	Can view outstanding token	21	view_outstandingtoken
89	Can add playlist	22	add_playlist
90	Can change playlist	22	change_playlist
91	Can delete playlist	22	delete_playlist
92	Can view playlist	22	view_playlist
93	Can add tracks	23	add_tracks
94	Can change tracks	23	change_tracks
95	Can delete tracks	23	delete_tracks
96	Can view tracks	23	view_tracks
97	Can add result	24	add_result
98	Can change result	24	change_result
99	Can delete result	24	delete_result
100	Can view result	24	view_result
101	Can add cs knowledge	25	add_csknowledge
102	Can change cs knowledge	25	change_csknowledge
103	Can delete cs knowledge	25	delete_csknowledge
104	Can view cs knowledge	25	view_csknowledge
105	Can add disability info	26	add_disabilityinfo
106	Can change disability info	26	change_disabilityinfo
107	Can delete disability info	26	delete_disabilityinfo
108	Can view disability info	26	view_disabilityinfo
109	Can add track	27	add_track
110	Can change track	27	change_track
111	Can delete track	27	delete_track
112	Can view track	27	view_track
113	Can add answer	28	add_answer
114	Can change answer	28	change_answer
115	Can delete answer	28	delete_answer
116	Can view answer	28	view_answer
117	Can add quiz	29	add_quiz
118	Can change quiz	29	change_quiz
119	Can delete quiz	29	delete_quiz
120	Can view quiz	29	view_quiz
121	Can add user answer	30	add_useranswer
122	Can change user answer	30	change_useranswer
123	Can delete user answer	30	delete_useranswer
124	Can view user answer	30	view_useranswer
125	Can add session	31	add_session
126	Can change session	31	change_session
127	Can delete session	31	delete_session
128	Can view session	31	view_session
129	Can add quiz result	32	add_quizresult
130	Can change quiz result	32	change_quizresult
131	Can delete quiz result	32	delete_quizresult
132	Can view quiz result	32	view_quizresult
133	Can add user progress	33	add_userprogress
134	Can change user progress	33	change_userprogress
135	Can delete user progress	33	delete_userprogress
136	Can view user progress	33	view_userprogress
137	Can add user_ ques_ answers	34	add_user_ques_answers
138	Can change user_ ques_ answers	34	change_user_ques_answers
139	Can delete user_ ques_ answers	34	delete_user_ques_answers
140	Can view user_ ques_ answers	34	view_user_ques_answers
141	Can add user roadmaps	35	add_userroadmaps
142	Can change user roadmaps	35	change_userroadmaps
143	Can delete user roadmaps	35	delete_userroadmaps
144	Can view user roadmaps	35	view_userroadmaps
\.


--
-- Data for Name: authtoken_token; Type: TABLE DATA; Schema: public; Owner: postgres
--

COPY public.authtoken_token (key, created, user_id) FROM stdin;
\.


--
-- Data for Name: courses; Type: TABLE DATA; Schema: public; Owner: postgres
--

COPY public.courses (id, name, description, trackid, created_at, rate, updated_at, status, category, title, instructor_id, sessionsnumber, user_id) FROM stdin;
\.


--
-- Data for Name: django_admin_log; Type: TABLE DATA; Schema: public; Owner: postgres
--

COPY public.django_admin_log (id, action_time, object_id, object_repr, action_flag, change_message, content_type_id, user_id) FROM stdin;
\.


--
-- Data for Name: django_content_type; Type: TABLE DATA; Schema: public; Owner: postgres
--

COPY public.django_content_type (id, app_label, model) FROM stdin;
1	auth	permission
2	auth	group
3	contenttypes	contenttype
4	sessions	session
5	admin	logentry
6	auth	user
7	authtoken	token
8	authtoken	tokenproxy
10	courses	answer
11	users	customuser
12	roadmap	roadmap
13	questionnaire	question
14	questionnaire	useranswer
15	QG	mcqquestions
9	courses	courses
16	QG	mcqquestion
17	QG	question
18	QG	quizperformance
19	QG	quizscore
20	token_blacklist	blacklistedtoken
21	token_blacklist	outstandingtoken
22	courses	playlist
23	courses	tracks
24	courses	result
25	users	csknowledge
26	users	disabilityinfo
27	users	track
28	questionnaire	answer
29	QG	quiz
30	QG	useranswer
31	QG	session
32	QG	quizresult
33	QG	userprogress
34	roadmap	user_ques_answers
35	roadmap	userroadmaps
\.


--
-- Data for Name: django_migrations; Type: TABLE DATA; Schema: public; Owner: postgres
--

COPY public.django_migrations (id, app, name, applied) FROM stdin;
1	contenttypes	0001_initial	2024-12-21 06:50:21.777093+00
2	contenttypes	0002_remove_content_type_name	2024-12-21 06:50:21.784136+00
3	auth	0001_initial	2024-12-21 06:50:21.870683+00
4	auth	0002_alter_permission_name_max_length	2024-12-21 06:50:21.878631+00
5	auth	0003_alter_user_email_max_length	2024-12-21 06:50:21.885207+00
6	auth	0004_alter_user_username_opts	2024-12-21 06:50:21.893026+00
7	auth	0005_alter_user_last_login_null	2024-12-21 06:50:21.897592+00
8	auth	0006_require_contenttypes_0002	2024-12-21 06:50:21.897592+00
9	auth	0007_alter_validators_add_error_messages	2024-12-21 06:50:21.901888+00
10	auth	0008_alter_user_username_max_length	2024-12-21 06:50:21.911193+00
11	auth	0009_alter_user_last_name_max_length	2024-12-21 06:50:21.914573+00
12	auth	0010_alter_group_name_max_length	2024-12-21 06:50:21.922652+00
13	auth	0011_update_proxy_permissions	2024-12-21 06:50:21.926883+00
14	auth	0012_alter_user_first_name_max_length	2024-12-21 06:50:21.935091+00
15	sessions	0001_initial	2024-12-21 07:59:48.465199+00
16	users	0001_initial	2025-01-26 11:17:15.748523+00
17	admin	0001_initial	2025-01-26 11:17:25.762503+00
18	admin	0002_logentry_remove_auto_add	2025-01-26 11:17:25.780808+00
19	admin	0003_logentry_add_action_flag_choices	2025-01-26 11:17:25.800764+00
20	authtoken	0001_initial	2025-01-26 11:17:25.880971+00
21	authtoken	0002_auto_20160226_1747	2025-01-26 11:17:26.013614+00
22	authtoken	0003_tokenproxy	2025-01-26 11:17:26.020616+00
23	authtoken	0004_alter_tokenproxy_options	2025-01-26 11:17:26.034822+00
24	courses	0001_initial	2025-01-26 11:17:26.085799+00
25	courses	0002_remove_course_created_at_remove_course_duration_and_more	2025-01-26 11:17:26.164102+00
26	courses	0003_course_course_level_course_disability_type_answer	2025-01-26 11:17:26.294111+00
27	questionnaire	0001_initial	2025-01-30 08:01:41.127345+00
28	questionnaire	0002_alter_question_answer_choices	2025-01-30 08:01:41.144836+00
29	questionnaire	0003_rename_answer_useranswer_answer_text	2025-01-30 08:01:41.178742+00
30	questionnaire	0004_rename_answer_text_useranswer_answer	2025-01-30 08:01:41.214319+00
32	roadmap	0002_question_track_answer_delete_roadmap	2025-01-30 08:01:41.402587+00
33	roadmap	0003_roadmap_delete_track	2025-01-30 08:01:41.501576+00
34	users	0002_alter_customuser_groups_and_more	2025-01-30 08:01:41.587145+00
35	level_quiz	0001_initial	2025-01-30 08:11:09.262578+00
36	level_quiz	0002_levelquiz_questions	2025-01-30 08:16:34.91827+00
40	courses	0004_alter_answer_table_alter_course_table	2025-03-13 15:35:48.388182+00
41	courses	0005_alter_course_table	2025-03-13 15:38:28.633279+00
42	courses	0006_alter_course_options	2025-03-13 15:39:57.529124+00
43	courses	0007_alter_course_options	2025-03-13 15:39:58.233329+00
44	courses	0008_remove_course_course_level_and_more	2025-03-13 15:40:01.913569+00
45	courses	0009_rename_course_courses	2025-03-13 15:40:04.27215+00
46	courses	0010_alter_courses_options	2025-03-13 15:40:04.720354+00
47	courses	0011_alter_courses_table	2025-03-13 15:40:05.40098+00
51	QG	0001_initial	2025-03-14 00:33:51.121775+00
52	QG	0002_delete_quizscore	2025-03-14 13:16:13.517108+00
53	token_blacklist	0001_initial	2025-03-25 15:16:55.441798+00
54	token_blacklist	0002_outstandingtoken_jti_hex	2025-03-25 15:16:56.143785+00
55	token_blacklist	0003_auto_20171017_2007	2025-03-25 15:16:57.090968+00
56	token_blacklist	0004_auto_20171017_2013	2025-03-25 15:16:58.379978+00
57	token_blacklist	0005_remove_outstandingtoken_jti	2025-03-25 15:16:59.458535+00
58	token_blacklist	0006_auto_20171017_2113	2025-03-25 15:17:00.743564+00
59	token_blacklist	0007_auto_20171017_2214	2025-03-25 15:17:03.260328+00
60	token_blacklist	0008_migrate_to_bigautofield	2025-03-25 15:17:07.246923+00
61	token_blacklist	0010_fix_migrate_to_bigautofield	2025-03-25 15:17:07.969353+00
62	token_blacklist	0011_linearizes_history	2025-03-25 15:17:08.786464+00
63	token_blacklist	0012_alter_outstandingtoken_user	2025-03-25 15:17:09.659691+00
64	courses	0012_playlist_alter_answer_course_delete_courses	2025-04-04 00:13:11.019596+00
65	courses	0013_tracks_alter_playlist_options_courses	2025-04-04 00:13:11.30994+00
66	courses	0014_playlist_course	2025-04-04 00:13:11.591366+00
67	courses	0015_result	2025-04-04 00:13:11.919565+00
68	courses	0016_courses_rating	2025-04-04 00:13:12.264394+00
69	courses	0017_rename_link_playlist_url_and_more	2025-04-04 00:13:12.532078+00
70	courses	0018_remove_playlist_course_level_and_more	2025-04-04 00:13:12.886165+00
71	courses	0019_delete_answer	2025-04-04 00:13:13.165887+00
72	courses	0020_rename_track_courses_trackid	2025-04-04 00:13:13.443966+00
73	courses	0021_playlist_created_at	2025-04-04 00:13:14.350219+00
74	courses	0022_alter_courses_trackid	2025-04-04 00:13:14.728986+00
75	courses	0023_alter_courses_user	2025-04-04 00:13:15.02339+00
76	courses	0024_remove_courses_user_courses_userid	2025-04-04 00:13:15.306827+00
77	courses	0025_remove_courses_created_at	2025-04-04 00:13:15.597341+00
78	courses	0026_playlist_track_id	2025-04-04 00:13:15.951173+00
79	courses	0027_alter_playlist_track_id	2025-04-04 00:13:16.245885+00
80	courses	0028_remove_playlist_track_id_remove_tracks_description_and_more	2025-04-04 00:13:16.527033+00
81	courses	0029_rename_track_id_tracks_trackid	2025-04-04 00:13:16.802447+00
82	questionnaire	0002_answer_delete_useranswer	2025-04-04 00:13:17.183441+00
83	questionnaire	0003_remove_answer_answered_at_remove_answer_is_correct_and_more	2025-04-04 00:13:17.47562+00
84	questionnaire	0004_alter_answer_answeredat_and_more	2025-04-04 00:13:17.786152+00
85	questionnaire	0005_alter_answer_user	2025-04-04 00:13:18.072653+00
86	questionnaire	0006_alter_question_trackid	2025-04-04 00:13:18.365947+00
87	users	0003_customuser_birthdate_customuser_profile_picture_and_more	2025-04-04 00:13:18.715343+00
88	users	0004_remove_customuser_profile_picture_and_more	2025-04-04 00:13:19.023966+00
89	users	0005_alter_customuser_options_customuser_join_date_and_more	2025-04-04 00:13:19.302968+00
90	users	0006_userprofile	2025-04-04 00:13:19.587204+00
91	users	0007_csknowledge_disabilityinfo_delete_userprofile	2025-04-04 00:13:19.953376+00
92	users	0008_alter_customuser_photo	2025-04-04 00:13:20.640226+00
93	users	0009_track_question	2025-04-04 00:13:20.971777+00
94	users	0010_question_answer_alter_question_question_text	2025-04-04 00:13:21.382968+00
95	users	0011_delete_question	2025-04-04 00:13:21.675196+00
96	users	0012_csknowledge_trackid	2025-04-04 00:13:21.999573+00
97	users	0013_customuser_disability_type	2025-04-04 00:13:22.274519+00
98	users	0014_customuser_interest	2025-04-04 00:13:22.612905+00
99	users	0015_customuser_level	2025-04-04 00:13:22.930602+00
100	users	0016_alter_customuser_disability_type	2025-04-04 00:13:23.228354+00
101	users	0017_alter_csknowledge_table	2025-04-04 00:13:23.507247+00
102	users	0018_alter_customuser_level	2025-04-04 00:13:23.806214+00
103	QG	0002_quiz_session_useranswer_quizresult_userprogress	2025-04-11 10:09:17.561866+00
104	courses	0029_rename_rating_courses_rate_remove_courses_level_and_more	2025-06-13 21:20:49.817141+00
105	courses	0030_courses_instructor_id_courses_updated_at	2025-06-13 21:24:02.770919+00
106	QG	0003_quiz_useranswer_quizresult_userprogress	2025-06-13 21:24:03.003131+00
107	QG	0004_quiz_useranswer_quizresult_userprogress	2025-06-13 21:30:28.166753+00
108	questionnaire	0006_remove_answer_question_remove_answer_user_and_more	2025-06-13 21:30:28.898497+00
109	roadmap	0001_initial	2025-06-14 13:42:06.234322+00
\.


--
-- Data for Name: django_session; Type: TABLE DATA; Schema: public; Owner: postgres
--

COPY public.django_session (session_key, session_data, expire_date) FROM stdin;
asm3t7arh085q65ywpho0jeqqqljo98h	.eJxVjEEOwiAQRe_C2hDCAAMu3XsGMjAgVUOT0q6Md9cmXej2v_f-S0Ta1ha3UZY4sTgLEKffLVF-lL4DvlO_zTLPfV2mJHdFHnTI68zleTncv4NGo31rB7aSTlZDRZN1QjQFS2CPzM6HoDkAJzCaSkheOQKlGNAZY7OvWMX7A9uuN5Q:1td4qt:jFCWc7XRP48-9Ir3DWbqqxCX6Ede4_7YJer8EcCSZE4	2025-02-12 09:59:19.150668+00
p9z93d2tl1s6zkq2z73k5qtms5gprnlv	.eJxVjEEOwiAQRe_C2hDCAAMu3XsGMjAgVUOT0q6Md9cmXej2v_f-S0Ta1ha3UZY4sTgLEKffLVF-lL4DvlO_zTLPfV2mJHdFHnTI68zleTncv4NGo31rB7aSTlZDRZN1QjQFS2CPzM6HoDkAJzCaSkheOQKlGNAZY7OvWMX7A9uuN5Q:1td8h9:WOyD1EnswQUeDBi4-EdRRMw9h3jJYygwuHG2bj-Mbk0	2025-02-12 14:05:31.522581+00
0z2ymhqkha66jdo8eemo5qpazy1l7i6u	.eJxVjEEOwiAQRe_C2hDCAAMu3XsGMjAgVUOT0q6Md9cmXej2v_f-S0Ta1ha3UZY4sTgLEKffLVF-lL4DvlO_zTLPfV2mJHdFHnTI68zleTncv4NGo31rB7aSTlZDRZN1QjQFS2CPzM6HoDkAJzCaSkheOQKlGNAZY7OvWMX7A9uuN5Q:1td8hB:20wdaRiTsMS25jNFM7bMjFAOvFGaB3ngFMQMvNXfpLM	2025-02-12 14:05:33.864849+00
affglwprdt1llc5msimbbm064uyttg0b	.eJxVjDkOwjAUBe_iGlnY31so6TmD9RebBJAjZakQd0eWUkD7Zua9VcZ9G_O-liVPoi4K1Ol3I-RnaR3IA9t91jy3bZlId0UfdNW3Wcrrerh_ByOuY6-HRHEoZNETeYvsLXuBeHbBGXIMMAATJLAVU6rOhCDiCnBMQFSN-nwB6mg4Ag:1tfiRP:HxmsvSDmKoKNlgBfbXcFofU7wDDrqGaBVFCQtXuPIus	2025-02-19 16:39:55.232973+00
yizsxtinta3oq884cnxoaezipdvv203r	.eJxVjDkOwjAUBe_iGlnY31so6TmD9RebBJAjZakQd0eWUkD7Zua9VcZ9G_O-liVPoi4K1Ol3I-RnaR3IA9t91jy3bZlId0UfdNW3Wcrrerh_ByOuY6-HRHEoZNETeYvsLXuBeHbBGXIMMAATJLAVU6rOhCDiCnBMQFSN-nwB6mg4Ag:1tfzRP:prUUVuSXIrnMDuwrsKvMtvc5QW5iMWqPM4N0jnVvrXQ	2025-02-20 10:49:03.916555+00
\.


--
-- Data for Name: playlist; Type: TABLE DATA; Schema: public; Owner: postgres
--

COPY public.playlist (video_id, name, duration, description, rating, difficultylevel, url, course_id, created_at, track_id, "isDone", "sessionOrder") FROM stdin;
190	Style Images with CSS	08:38:11	In this intermediate-level course you will explore how CSS (Cascading Stylesheets) can be used to alter the appearance of an image on your web page. HTML is used to add image content to a website and CSS is used to make that content visually appealing to website visitors. You will use the Notepad++ editor to write CSS rules with a variety of selectors and properties that are applied to images to change their appearance. The Chrome browser is used to display the page to test the results of your work. CSS is a very powerful tool and using it to gain more control over the visual aspects of images is a valuable skill for a web developer.  Note: This course works best for learners who are based in the North America region. Were currently working on providing the same experience in other regions.	4.80	Beginner	https://www.youtube.com/playlist?list=PL5e68lK9hEzc_7RNnkAO19nQi_Gip2s92	\N	\N	2	f	0
10	Encryption And Decryption Using C++	00:38:00	In this 2-hour long project-based course, you will  (learn basics of cryptography,  build basic encryption application).  we will learn basics of encryption and decryption techniques and gain basic related cryptography  knowledge and by the end of this project you will be able to create an encryption application.    Note: This course works best for learners who are based in the North America region. Were currently working on providing the same experience in other regions.	5.00	Beginner	https://youtu.be/GNzeSTZjziI?si=ABCUEMcUmls2ZIqu	\N	\N	7	f	0
1	Mathematics for Machine Learning: Linear Algebra	06:00:00	In this course on Linear Algebra we look at what linear algebra is and how it relates to vectors and matrices. Then we look through what vectors and matrices are and how to work with them, including the knotty problem of eigenvalues and eigenvectors, and how to use these to solve problems. Finally  we look at how to use these to do fun things with datasets - like how to rotate images of faces and how to extract eigenvectors to look at how the Pagerank algorithm works. Since we're aiming at data-driven applications, we'll be implementing some of these ideas in code, not just on pencil and paper. Towards the end of the course, you'll write code blocks and encounter Jupyter notebooks in Python, but don't worry, these will be quite short, focussed on the concepts, and will guide you through if youve not coded before.  At the end of this course you will have an intuitive understanding of vectors and matrices that will help you bridge the gap into linear algebra problems, and how to apply these concepts to machine learning.	4.50	Beginner	https://youtu.be/rSjt1E9WHaQ?si=R9xCWHTLJJTuShm-	\N	\N	1	f	0
2	Device-based Models with TensorFlow Lite	02:20:00	Bringing a machine learning model into the real world involves a lot more than just modeling. This Specialization will teach you how to navigate various deployment scenarios and use data more effectively to train your model.  This second course teaches you how to run your machine learning models in mobile applications. Youll learn how to prepare models for a lower-powered, battery-operated devices, then execute models on both Android and iOS platforms. Finally, youll explore how to deploy on embedded systems using TensorFlow on Raspberry Pi and microcontrollers.  This Specialization builds upon our TensorFlow in Practice Specialization. If you are new to TensorFlow, we recommend that you take the TensorFlow in Practice Specialization first. To develop a deeper, foundational understanding of how neural networks work, we recommend that you take the Deep Learning Specialization.	4.60	Beginner	https://youtu.be/2o07Zv8dcFY?si=A0G9AIlNRK0dv3Wt	\N	\N	4	f	0
3	Palo Alto Networks Cybersecurity Essentials II	08:00:00	Palo Alto Networks Cybersecurity Essentials II  Course Description:  Essentials II provides the student with a full understanding of the fundamental tenants of cybersecurity and covers the general security concepts involved in maintaining a secure network computing environment. Students will fully learn the nature and scope of todays cybersecurity challenges, strategies for network defense, as well as detailed information about next-generation cybersecurity solutions. Students will also deploy a variety of security methodologies as well as technologies and concepts used for implementing a secure network environment.   Learning Objectives:  Upon completion of this course, students will be able to:  \\\\tDemonstrate ability to assess and harden endpoints based on security policies. \\\\tDescribe uses of Advanced malware research and analysis to provide enhanced protection for enterprise networks.  \\\\tExamine mobile and cloud-based connection technologies.	4.60	Advanced	https://youtu.be/J7jjl5zOvyM?si=GNhIzpi6uqweLHQK	\N	\N	7	f	0
11	Command Line in Linux	11:20:00	Linux is a popular operating system that is based on the Unix operating system. It has many distributions which have different interfaces for installing software, different user interfaces, and so on. One thing all of the distros have in common is that they all have a command line interface, or terminal. In fact, sometimes there is no user interface except the terminal itself. A Linux server running a web application on AWS, for example, may only contain the software required to run the application, and no GUI window system at all. It is crucial to learn the Linux command line if you are going to be a productive Linux user and/or administer a Linux server.  In this course, you will use Linux commands to navigate Linux directories, search for files, search for patterns, create files and directories, and remove files and directories.  Note: This course works best for learners who are based in the North America region. Were currently working on providing the same experience in other regions.	4.50	Beginner	https://www.youtube.com/live/bz0ZCUv5rYo?si=HOU47jLMcnlRauMJ	\N	\N	7	f	0
48	Git + GitHub for Open Source Collaboration	00:09:07	By the end of this project, you will be able to collaborate with any GitHub repository on the Internet. You'll learn to add and push your code changes, create and merge branches, fork projects, and send pull requests for making your updates mainstream.   This guided project is for people who want to collaborate, share and version- control code in an effective and transparent manner. Knowledge of it is a differential for anyone engaged in the tech ecosystem, from developers to scientists, specially in team and collaborative environments.  Note: This course works best for learners who are based in the North America region. Were currently working on providing the same experience in other regions.	4.10	Intermediate	https://youtu.be/ZbTGde7wtxc?si=DYe2sMGfZYqwCyL1	\N	\N	2	f	0
104	Web Application Security Testing with Burp Suite	02:33:38	By the end of this project, you will learn the fundamentals of how to use Burp Suite Community Edition. This tool helps security professionals and penetration testers assess web application vulnerabilities. This course includes steps on how to configure the proxy between the browser and web application to intercept, view, alter, and forward HTTP requests and responses, and then analyze the results of your modifications. This course will also explain how to use a dictionary list to brute force logins, and how to exploit file upload and SQL injection vulnerabilities.	3.90	Intermediate	https://www.youtube.com/live/ZBi8Qa9m5c0?si=BZe87T418asDNDlH	\N	\N	7	f	0
5	Complex Retrieval Queries in MySQL Workbench	00:50:00	In this intermediate-level course you will use MySQL Workbench to expand your basic SQL query-writing skills with more complex examples and activities. In hands-on activities in MySQL Workbench, you will write and execute SQL queries that retrieve data from multiple tables. In addition, you will generate queries that summarize data and perform calculations. Nested queries and SQL scripting rounds out the course content. While the course concentrates on query writing, you also get a taste of the problem-solving and data analysis efforts required for complex query construction and query results verification.  Note: This course works best for learners who are based in the North America region. Were currently working on providing the same experience in other regions.	4.50	Beginner	https://www.youtube.com/watch?v=FNYdBLwZ6cE	\N	\N	3	f	0
7	Statistical Data Visualization with Seaborn	00:09:00	Welcome to this project-based course on Statistical Data Visualization with Seaborn. Producing visualizations is an important first step in exploring and analyzing real-world data sets. As such, visualization is an indispensable method in any data scientist's toolbox. It is also a powerful tool to identify problems in analyses and for illustrating results. In this project, we will employ the statistical data visualization library, Seaborn, to discover and explore the relationships in the Breast Cancer Wisconsin (Diagnostic) data set. We will use the results from our exploratory data analysis (EDA) in the previous project, Breast Cancer Diagnosis  Exploratory Data Analysis to: drop correlated features, implement feature selection and feature extraction methods including feature selection with correlation, univariate feature selection, recursive feature elimination, principal component analysis (PCA) and tree based feature selection methods. Lastly, we will build a boosted decision tree classifier with XGBoost to classify tumors as either malignant or benign.   This course runs on Coursera's hands-on project platform called Rhyme. On Rhyme, you do projects in a hands-on manner in your browser. You will get instant access to pre-configured cloud desktops containing all of the software and data you need for the project. Everything is already set up directly in your internet browser so you can just focus on learning. For this project, youll get instant access to a cloud desktop with Python, Jupyter, and scikit-learn pre-installed.  Notes: -  You will be able to access the cloud desktop 5 times. However, you will be able to access instructions videos as many times as you want. - This course works best for learners who are based in the North America region. Were currently working on providing the same experience in other regions.	4.50	Beginner	https://youtu.be/vg8oM0AvBOU?si=bJr3sB3Xb4uieWVk	\N	\N	1	f	0
9	Deploy Models with TensorFlow Serving and Flask	00:07:00	In this 2-hour long project-based course, you will learn how to deploy TensorFlow models using TensorFlow Serving and Docker, and you will create a simple web application with Flask which will serve as an interface to get predictions from the served TensorFlow model.  This course runs on Coursera's hands-on project platform called Rhyme. On Rhyme, you do projects in a hands-on manner in your browser. You will get instant access to pre-configured cloud desktops containing all of the software and data you need for the project. Everything is already set up directly in your Internet browser so you can just focus on learning. For this project, youll get instant access to a cloud desktop with (e.g. Python, Jupyter, and Tensorflow) pre-installed.  Prerequisites: In order to be successful in this project, you should be familiar with Python, TensorFlow, Flask, and HTML.  Notes: -  You will be able to access the cloud desktop 5 times. However, you will be able to access instructions videos as many times as you want. - This course works best for learners who are based in the North America region. Were currently working on providing the same experience in other regions.	4.50	Beginner	https://youtu.be/1d4BzR_7Nbc?si=DIeuCBtoNIokuG27	\N	\N	1	f	0
12	Design and Analyze Secure Networked Systems	00:08:00	In this MOOC, we will learn the basic cyber security concepts, how to identify vulnerabilities/threat in a network system. We will apply CIA basic security services in the triage of recent cyberattack incidents, such as OPM data breach.   We will learn the risk management framework for analyzing the risks in a network system, and apply the basic security design principles to protect the data and secure computer systems. We will examine the trustworthiness of programs and data installed in our systems and show the proper way to verify their integrity and authenticity. We will apply principle of least privileges for controlling the shared access given to different groups of users and system processes. On Amazon Cloud instances, we will use GnuPG software to generate public/private key pair for signing/verifying documents and open source software, and for encrypting documents. We will learn how to publish software, the related signature and release key on  web server and publish public key to PGP key server for others to retrieve. We will learn Public Key Infrastructure (PKI) and  Linux utility to serve as a CA for an organization, learn how to sign certificate request for clients or servers in secure email and web applications.	3.40	Advanced	https://youtu.be/hX3pEdu2lRg?si=80_j7HB8cVSc92FR	\N	\N	7	f	0
13	Database Design and Diagramming in Dia	00:20:00	In this course you will be introduced to the process of designing a database. The old saying about a picture being worth a thousand words rings true in the database design process. Database designers document their designs using diagrams. To document your basic design, you will use a diagramming tool called Dia. You will review user requirements to identify the categories of data that will need to be included in the database, and then fill out those categories with details. You will also determine how the categories are logically related. Using Dia, you will document your logical database design using a standard database design diagram called an Entity Relationship Diagram. Generating the ERD is an important step in the database design process.  Note: This course works best for learners who are based in the North America region. Were currently working on providing the same experience in other regions.	4.60	Beginner	https://youtu.be/wMgirP7z4k8?si=hosP1lCNjZ9zJLX3	\N	\N	3	f	0
14	Game Theory with Python	00:25:00	In this 2-hour long project-based course, you will learn the game theoretic concepts of Two player Static and Dynamic Games, Pure and Mixed strategy Nash Equilibria for static games (illustrations with unique and multiple solutions), Example of Axelrod tournament. You will be building two player Nash games and analyze them using Python packages Nashpy and Axelrod, especially built for game theoretic analyses. Also, you will gain the understanding of computational mechanisms related to the aforementioned concepts.  Note: This course works best for learners who are based in the North America region. Were currently working on providing the same experience in other regions.	4.20	Beginner	https://www.youtube.com/watch?v=3bFCDg2ApP4&list=PLnC5h3PY-znw_SyhvDO3-yH_EWB5z0w_8	\N	\N	1	f	0
15	Introduction to Probability and Data with R	00:17:00	This course introduces you to sampling and exploring data, as well as basic probability theory and Bayes' rule. You will examine various types of sampling methods, and discuss how such methods can impact the scope of inference. A variety of exploratory data analysis techniques will be covered, including numeric summary statistics and basic data visualization. You will be guided through installing and using R and RStudio (free statistical software), and will use this software for lab exercises and a final project. The concepts and techniques in this course will serve as building blocks for the inference and modeling courses in the Specialization.	4.60	Advanced	https://youtu.be/SkidyDQuupA?si=gqGJfIlqYcJZ-2SQ	\N	\N	1	f	0
17	State Estimation and Localization for Self-Driving Cars	00:06:00	Welcome to State Estimation and Localization for Self-Driving Cars, the second course in University of Torontos Self-Driving Cars Specialization. We recommend you take the first course in the Specialization prior to taking this course.   This course will introduce you to the different sensors and how we can use them for state estimation and localization in a self-driving car. By the end of this course, you will be able to: - Understand the key methods for parameter and state estimation used for autonomous driving, such as the method of least-squares - Develop a model for typical vehicle localization sensors, including GPS and IMUs - Apply extended and unscented Kalman Filters to a vehicle state estimation problem - Understand LIDAR scan matching and the Iterative Closest Point algorithm  - Apply these tools to fuse multiple sensor streams into a single state estimate for a self-driving car   For the final project in this course, you will implement the Error-State Extended Kalman Filter (ES-EKF) to localize a vehicle using data from the CARLA simulator.   This is an Advanced course, intended for learners with a background in mechanical engineering, computer and electrical engineering, or robotics. To succeed in this course, you should have programming experience in Python 3.0, familiarity with Linear Algebra (matrices, vectors, matrix multiplication, rank, Eigenvalues and vectors and inverses), Statistics (Gaussian probability distributions), Calculus and Physics (forces, moments, inertia, Newton's Laws).	4.60	Beginner	https://www.youtube.com/watch?v=VeQWoGqXIfI&pp=ygU3U3RhdGUgRXN0aW1hdGlvbiBhbmQgTG9jYWxpemF0aW9uIGZvciBTZWxmLURyaXZpbmcgQ2Fycw%3D%3D	\N	\N	8	f	0
18	Cloud Computing Basics (Cloud 101)	00:25:00	Welcome to Cloud Computing Basics (Cloud 101).   Over the next few weeks, we will discuss the basics of Cloud computing: what it is, what it supports, and how it is delivered. We will delve into storage services, Cloud economics, levels of managed infrastructure, and Azure services. We will also explore different deployment models of Cloud computing, as well as several hosting scenarios. Last but not least, we will compare some of the cloud platforms and discuss the future of cloud computing.	4.50	Intermediate	https://youtu.be/RWgW-CgdIk0?si=zsOYIYvJtiP8-Df3	\N	\N	8	f	0
120	Building AI Applications with Watson APIs	01:23:18	A learner will be able to write an application that leverages multiple Watson AI services (Discovery, Speech to Text, Assistant, and Text to Speech). By the end of the course, theyll learn best practices of combining Watson services, and how they can build interactive information retrieval systems with Discovery + Assistant.	3.80	Intermediate	https://youtu.be/pe2MZKpbHdc?si=6I3DRm8dkK7ctzep	\N	\N	1	f	0
19	Analyze Text Data with Yellowbrick	10:00:00	Welcome to this project-based course on Analyzing Text Data with Yellowbrick. Tasks such as assessing document similarity, topic modelling and other text mining endeavors are predicated on the notion of "closeness" or "similarity" between documents. In this course, we define various distance metrics (e.g. Euclidean, Hamming, Cosine, Manhattan, etc) and understand their merits and shortcomings as they relate to document similarity. We will apply these metrics on documents within a specific corpus and visualize our results. By the end of this course, you will be able to confidently use visual diagnostic tools from Yellowbrick to steer your machine learning workflow, vectorize text data using TF-IDF, and cluster documents using embedding techniques and appropriate metrics.  This course runs on Coursera's hands-on project platform called Rhyme. On Rhyme, you do projects in a hands-on manner in your browser. You will get instant access to pre-configured cloud desktops containing all of the software and data you need for the project. Everything is already set up directly in your internet browser so you can just focus on learning. For this project, youll get instant access to a cloud desktop with Python, Jupyter, Yellowbrick, and scikit-learn pre-installed.  Notes: -  You will be able to access the cloud desktop 5 times. However, you will be able to access instructions videos as many times as you want. - This course works best for learners who are based in the North America region. Were currently working on providing the same experience in other regions.	4.50	Beginner	https://youtu.be/D5y8R9kGR9A?list=PLzUJUtTJcj8RrnydyXowhLh0n7gf-2A58	\N	\N	1	f	0
21	Introduction to TensorFlow	01:15:00	This course is focused on using the flexibility and ease  of use of TensorFlow 2.x and Keras to build, train, and deploy machine learning models.  You will learn about the TensorFlow 2.x API hierarchy and will get to know the main components of TensorFlow through hands-on exercises.  We will introduce you to working with datasets and feature columns. You will learn how to design and build a TensorFlow 2.x input data pipeline.  You will get hands-on practice loading csv data, numPy arrays, text data, and images using tf.Data.Dataset. You will also get hands-on practice creating numeric, categorical, bucketized, and hashed feature columns.  We will introduce you to the Keras Sequential API and the Keras Functional API to show you how to create deep learning models.  Well talk about activation functions, loss, and optimization.  Our Jupyter Notebooks hands-on labs offer you the opportunity to build basic linear regression, basic logistic regression, and Advanced logistic regression machine learning models.  You will learn how to train, deploy, and productionalize machine learning models at scale with Cloud AI Platform.	4.30	Advanced	https://youtu.be/E8n_k6HNAgs?si=dL_3SeQp6Ob8kWZ4	\N	\N	1	f	0
22	Practical Machine Learning	10:00:00	One of the most common tasks performed by data scientists and data analysts are prediction and machine learning. This course will cover the basic components of building and applying prediction functions with an emphasis on practical applications. The course will provide basic grounding in concepts such as training and tests sets, overfitting, and error rates. The course will also introduce a range of model based and algorithmic machine learning methods including regression, classification trees, Naive Bayes, and random forests. The course will cover the complete process of building prediction functions including data collection, feature creation, algorithms, and evaluation.	4.40	Beginner	https://www.youtube.com/watch?v=OGxgnH8y2NM&list=PLQVvvaa0QuDfKTOs3Keq_kaG2P55YRn5v	\N	\N	1	f	0
41	Optimization of Topic Models using Grid Search Method	00:16:29	In this 2-hour long project-based course, you will learn how to optimize a topic model to achieve best fit using Grid Search method. Topic modelling is an efficient unsupervised machine learning tool that aids in analyzing the latent themes from text datasets. But it is also necessary to learn to optimize the models to obtain the best fit model in order to achieve better interpretable themes to gain meaningful insights. In this project you will learn about the statistical parameters to gauge the model quality and create interactive visualization of the themes for a more intuitive evaluation of topic models. The focus of this project is primarily from an application point of view instead of underlying statistical mechanisms.     Note: This course works best for learners who are based in the North America region. Were currently working on providing the same experience in other regions.	4.30	Beginner	https://youtu.be/HdlDYng8g9s?si=FQdG-z0xip_4UycV	\N	\N	1	f	0
23	Web Application Security Testing with OWASP ZAP	00:09:00	By the end of this project, you will learn the fundamentals of how to use OWASP Zed Attack Proxy (ZAP). This tool greatly aids security professionals and penetration testers to discover vulnerabilities within web applications. You will learn how to perform a basic web app vulnerability scan, analyze the results, and generate a report of those results. This course includes steps on how to configure the browser proxy to passively scan web requests and responses by simply exploring websites. This course will also include how to use dictionary lists to find files and folders on a web server, and how to spider crawl websites to find all the links and URLs. Finally, the end of the course gives a brief overview of how to intercept, view, modify, and forward web requests that occur between the browser and web application.  Note: This course works best for learners who are based in the North America region. Were currently working on providing the same experience in other regions.	4.20	Beginner	https://youtu.be/alJLui61v2Y?si=kVBZUBskxQXXbgw1	\N	\N	2	f	0
24	Image Compression and Generation using Variational Autoencoders in Python	00:25:00	In this 1-hour long project, you will be introduced to the Variational Autoencoder. We will discuss some basic theory behind this model, and move on to creating a machine learning project based on this architecture. Our data comprises 60.000 characters from a dataset of fonts. We will train a variational autoencoder that will be capable of compressing this character font data from 2500 dimensions down to 32 dimensions. This same model will be able to then reconstruct its original input with high fidelity. The true advantage of the variational autoencoder is its ability to create new outputs that come from distributions that closely follow its training data: we can output characters in brand new fonts.  Note: This course works best for learners who are based in the North America region. Were currently working on providing the same experience in other regions.	4.70	Beginner	https://youtu.be/B2MKpFtM1_Q?si=0_X_9IPGAkTZohZx	\N	\N	1	f	0
31	Element, Class, and ID Selectors in CSS	00:12:00	In this intermediate-level course you will explore and compare CSS (Cascading Style Sheets) selectors. As HTML is used to add content to a website, CSS is used to make that content visually appealing to website visitors. This course focuses on helping you identify how and when to use element, class, and ID selectors to enhance the appearance of text on a websites pages. CSS is a very powerful tool and gaining more control over the visual aspects of textual data on a website is a great first step in harnessing that power.  Note: This course works best for learners who are based in the North America region. Were currently working on providing the same experience in other regions.	4.70	Beginner	https://youtu.be/G2I83J5D8ao?si=MjZhM9ytsp_ONo4N	\N	\N	2	f	0
25	Mathematical Thinking in Computer Science	00:15:00	Mathematical thinking is crucial in all areas of computer science: algorithms, bioinformatics, computer graphics, data science, machine learning, etc. In this course, we will learn the most important tools used in discrete mathematics: induction, recursion, logic, invariants, examples, optimality. We will use these tools to answer typical programming questions like: How can we be certain a solution exists? Am I sure my program computes the optimal answer? Do each of these objects meet the given requirements?  In the course, we use a try-this-before-we-explain-everything approach: you will be solving many interactive (and mobile friendly) puzzles that were carefully designed to allow you to invent many of the important ideas and concepts yourself.  Prerequisites:  1. We assume only basic math (e.g., we expect you to know what is a square or how to add fractions), common sense and curiosity.  2. Basic programming knowledge is necessary as some quizzes require programming in Python.	4.20	Intermediate	https://youtu.be/eSFA1Fp8jcU?si=tN27mvk-Xpgpmtk_	\N	\N	1	f	0
26	Automating Real-World Tasks with Python	00:13:00	In the final course, we'll tie together the concepts that youve learned up until now. You'll tackle real-world scenarios in Qwiklabs that will challenge you to use multiple skills at once.  First, we'll take a closer look at how to use external Python modules to extend your code's capabilities, and spend some time learning how to use documentation to learn a new module. For example, we'll use the Python Image Library (PIL) to create and modify images. We'll show you some simple examples of how to perform common tasks in the course material, but it will be up to you to explore the module documentation to figure out how to solve specific problems.  Next, we'll show you how to communicate with the world outside of your code! You'll use data serialization to turn in-memory objects into messages that can be sent to other programs. Your program will send messages across the network to Application Programming Interfaces (APIs) offered by other programs. For those times when your code needs to talk to a person instead of a program, you'll also learn to send email messages.  At the end of this course, youll be able to take a description of a problem and use your skills to create a solution -- just like you would on the job. In your final capstone project, you'll be given a description of what your customer needs, and it will be up to you to create a program to do it!	4.70	Advanced	https://youtu.be/aPyIxGQeXo0?si=WOA9NvEgLdh6_-36	\N	\N	1	f	0
27	Fundamentals of Visualization with Tableau	00:17:00	In this first course of this specialization, you will discover what data visualization is, and how we can use it to better see and understand data. Using Tableau, well examine the fundamental concepts of data visualization and explore the Tableau interface, identifying and applying the various tools Tableau has to offer. By the end of the course you will be able to prepare and import data into Tableau and explain the relationship between data analytics and data visualization. This course is designed for the learner who has never used Tableau before, or who may need a refresher or want to explore Tableau in more depth. No prior technical or analytical background is required. The course will guide you through the steps necessary to create your first visualization from the beginning based on data context, setting the stage for you to advance to the next course in the Specialization.	4.40	Beginner	https://youtu.be/6xv1KvCMF1Q?si=1m8cizv9BJzN8oDV	\N	\N	5	f	0
42	Predicting Salaries with Simple Linear Regression in R	00:13:43	In this 1-hour long project-based course, you will learn how to create a simple linear regression algorithm and use it to solve a basic regression problem. By the end of this project, you will have built, trained, tested, and visualized a Regression model that will be able to accurately predict the salary of a data scientist if provided with some information about years of experience.  In order to be successful in this project, you should just know the basics of R and linear regression.	4.30	Beginner	https://youtu.be/uTFK9IgJwbk?si=3fkYie3vZHhbo8jE	\N	\N	5	f	0
28	Creating Custom Callbacks in Keras	00:07:00	In this 1.5-hour long project-based course, you will learn to create a custom callback function in Keras and use the callback during a model training process. We will implement the callback function to perform three tasks: Write a log file during the training process, plot the training metrics in a graph during the training process, and reduce the learning rate during the training with each epoch.  This course runs on Coursera's hands-on project platform called Rhyme. On Rhyme, you do projects in a hands-on manner in your browser. You will get instant access to pre-configured cloud desktops containing all of the software and data you need for the project. Everything is already set up directly in your Internet browser so you can just focus on learning. For this project, youll get instant access to a cloud desktop with (e.g. Python, Jupyter, and Tensorflow) pre-installed.  Prerequisites: In order to be successful in this project, you should be familiar with Python, Neural Networks, and the Keras framework.   Note: This course works best for learners who are based in the North America region. Were currently working on providing the same experience in other regions.	4.70	Beginner	https://youtu.be/o8bVb9NYzDw?si=8aVQ_Brucqs9t1tp	\N	\N	1	f	0
29	Compare time series predictions of COVID-19 deaths	00:08:00	In this 2-hour long project-based course, you will learn how to preprocess time series data, visualize time series data and compare the time series predictions of 4 machine learning models.You will create time series analysis models in the python programming language to predict the daily deaths due to SARS-CoV-19, or COVID-19. You will create and train the following models: SARIMAX, Prophet, neural networks and XGBOOST. You will visualize data using the matplotlib library, and extract features from a time series data set, perform data splitting and normalization.  To successfully complete this project, learners should have prior Python programming experience, a basic understanding of machine learning, and a familiarity of the Pandas library.  Note: This course works best for learners who are based in the North America region. Were currently working on providing the same experience in other regions.	5.00	Beginner	https://youtu.be/7xBgDUi0rjo?si=yM0HfCh4El5nFsUA	\N	\N	1	f	0
102	JavaScript Variables and Assignment Operators	00:12:48	In this beginning-level project you will work with JavaScript variables and assignment operators by writing and testing JavaScript code using the Notepad++ text editor and the Chrome browser. Since variables are used as containers to hold values in JavaScript, knowing how to use them is an essential skill for a JavaScript programmer. You will learn how to create a variable, name it correctly, and use it to store a data value using an assignment operator.  Note: This course works best for learners who are based in the North America region. Were currently working on providing the same experience in other regions.	4.80	Beginner	https://youtu.be/nbX0MIV7-Ek?si=GsvOQm0lnlSCWfJN	\N	\N	2	f	0
30	Build a Simple App in Android Studio with Java	00:08:00	In this beginner project we will give you an introduction to using Android Studio and will facilitate you gaining the confidence and knowledge to begin your journey in the world of Android Development.  By the end of this course you will have built an app in Android Studio using Java and will have uploaded your APK to Appetize. You will learn how to test your app on the Appetize platform. In this app you will build buttons, a TextView, an EditText, and dialog boxes.  We will also cover using AVD Manager to create virtual devices that could be used to test applications in Android Studio.  Projects in Series 1: 1. Build a Simple App in Android Studio with Java 2. Build a Persistent Storage App in Android Studio 3. Build a Linear Layout App in Android Studio 4. Build a Relative Layout App in Android Studio 5. Build a Table Layout App in Android Studio  Projects in Series 2: 1. Build an App in Android Studio using Resources 2. Build an App in Android Studio using Static Files 3. Build an App in Android Studio using Read - Write 4. Build an App in Android Studio using onTouch 5. Build an App in Android Studio using Activities	4.40	Beginner	https://youtu.be/gNO8PwI2arI?si=iEWQ5HiDCyHHfUOa	\N	\N	2	f	0
32	Predict Sales Revenue with scikit-learn	00:10:52	In this 2-hour long project-based course, you will build and evaluate a simple linear regression model using Python. You will employ the scikit-learn module for calculating the linear regression, while using pandas for data management, and seaborn for plotting. You will be working with the very popular Advertising data set to predict sales revenue based on advertising spending through mediums such as TV, radio, and newspaper.   By the end of this course, you will be able to: - Explain the core ideas of linear regression to technical and non-technical audiences - Build a simple linear regression model in Python with scikit-learn - Employ Exploratory Data Analysis (EDA) to small data sets with seaborn and pandas - Evaluate a simple linear regression model using appropriate metrics  This course runs on Coursera's hands-on project platform called Rhyme. On Rhyme, you will get instant access to pre-configured cloud desktops containing all of the software and data you need for the project. Everything is already set up directly in your internet browser so you can just focus on learning. For this project, youll get instant access to a cloud desktop with Jupyter and Python 3.7 with all the necessary libraries pre-installed.  Notes: - You will be able to access the cloud desktop 5 times. However, you will be able to access instructions videos as many times as you want. - This course works best for learners who are based in the North America region. Were currently working on providing the same experience in other regions.	4.50	Beginner	https://youtu.be/TR6vn4lZ3Mo?si=CkaEIz1I3zaZoxQZ	\N	\N	1	f	0
191	Improving your statistical inferences	05:23:27	This course aims to help you to draw better statistical inferences from empirical research. First, we will discuss how to correctly interpret p-values, effect sizes, confidence intervals, Bayes Factors, and likelihood ratios, and how these statistics answer different questions you might be interested in. Then, you will learn how to design experiments where the false positive rate is controlled, and how to decide upon the sample size for your study, for example in order to achieve high statistical power. Subsequently, you will learn how to interpret evidence in the scientific literature given widespread publication bias, for example by learning about p-curve analysis. Finally, we will talk about how to do philosophy of science, theory construction, and cumulative science, including how to perform replication studies, why and how to pre-register your experiment, and how to share your results following Open Science principles.   In practical, hands on assignments, you will learn how to simulate t-tests to learn which p-values you can expect, calculate likelihood ratio's and get an introduction the binomial Bayesian statistics, and learn about the positive predictive value which expresses the probability published research findings are true. We will experience the problems with optional stopping and learn how to prevent these problems by using sequential analyses. You will calculate effect sizes, see how confidence intervals work through simulations, and practice doing a-priori power analyses. Finally, you will learn how to examine whether the null hypothesis is true using equivalence testing and Bayesian statistics, and how to pre-register a study, and share your data on the Open Science Framework.  All videos now have Chinese subtitles. More than 30.000 learners have enrolled so far!   If you enjoyed this course, I can recommend following it up with me new course "Improving Your Statistical Questions"	4.80	Beginner	https://www.youtube.com/playlist?list=PLEPi5EiMfc-7HEgd4FCjd0a--Qzx7fzDs	\N	\N	5	f	0
192	Google Cloud Platform Fundamentals: Core Infrastructure	00:17:41	This course introduces you to important concepts and terminology for working with Google Cloud Platform (GCP). You learn about, and compare, many of the computing and storage services available in Google Cloud Platform, including Google App Engine, Google Compute Engine, Google Kubernetes Engine, Google Cloud Storage, Google Cloud SQL, and BigQuery. You learn about important resource and policy management tools, such as the Google Cloud Resource Manager hierarchy and Google Cloud Identity and Access Management. Hands-on labs give you foundational skills for working with GCP.  Note: Google services are currently unavailable in China.  New! CERTIFICATE COMPLETION CHALLENGE to unlock benefits from Coursera and Google Cloud Enroll and complete Cloud Engineering with Google Cloud or Cloud Architecture with Google Cloud Professional Certificate  or Data Engineering with Google Cloud Professional Certificate before November 8, 2020 to receive the following benefits;   => Google Cloud t-shirt, for the first 1,000 eligible learners to complete. While supplies last. > Exclusive access to Big => Interview ($950 value) and career coaching  => 30 days free access to Qwiklabs ($50 value) to earn Google Cloud recognized skill badges by completing challenge quests	4.70	Intermediate	https://www.youtube.com/playlist?list=PLVext98k2evjIFqVggHfvecnFu4tTJK_o	\N	\N	5	f	0
34	Exploratory Data Analysis	00:08:19	This course covers the essential exploratory techniques for summarizing data. These techniques are typically applied before formal modeling commences and can help inform the development of more complex statistical models. Exploratory techniques are also important for eliminating or sharpening potential hypotheses about the world that can be addressed by the data. We will cover in detail the plotting systems in R as well as some of the basic principles of constructing data graphics. We will also cover some of the common multivariate statistical techniques used to visualize high-dimensional data.	4.60	Intermediate	https://youtu.be/a4KiExvYJKo?si=Py8cUTCkeIpiDAMY	\N	\N	1	f	0
35	Detecting COVID-19 with Chest X-Ray using PyTorch	00:20:32	In this 2-hour long guided project, we will use a ResNet-18 model and train it on a COVID-19 Radiography dataset. This dataset has nearly 3000 Chest X-Ray scans which are categorized in three classes - Normal, Viral Pneumonia and COVID-19. Our objective in this project is to create an image classification model that can predict Chest X-Ray scans that belong to one of the three classes with a reasonably high accuracy. Please note that this dataset, and the model that we train in the project, can not be used to diagnose COVID-19 or Viral Pneumonia. We are only using this data for educational purpose.  Before you attempt this project, you should be familiar with programming in Python. You should also have a theoretical understanding of Convolutional Neural Networks, and optimization techniques such as gradient descent. This is a hands on, practical project that focuses primarily on implementation, and not on the theory behind Convolutional Neural Networks.  Note: This course works best for learners who are based in the North America region. Were currently working on providing the same experience in other regions.	4.60	Beginner	https://youtu.be/6AEbiW4GCok?si=bF0wk431DKfdjs0A	\N	\N	1	f	0
37	Enterprise and Infrastructure Security	00:10:16	This course introduces a series of Advanced and current topics in cyber security, many of which are especially relevant in modern enterprise and infrastructure settings. The basics of enterprise compliance frameworks are provided with introduction to NIST and PCI. Hybrid cloud architectures are shown to provide an opportunity to fix many of the security weaknesses in modern perimeter local area networks.  Emerging security issues in blockchain, blinding algorithms, Internet of Things (IoT), and critical infrastructure protection are also described for learners in the context of cyber risk. Mobile security and cloud security hyper-resilience approaches are also introduced. The course completes with some practical advice for learners on how to plan careers in cyber security.	4.60	Advanced	https://youtu.be/jI8IKpjiCSM?si=3amBS2mJtOyZkmbY	\N	\N	7	f	0
38	Javascript animation for websites, storytelling, data visualization and games	00:23:08	In this course, well guide you through a series of hands-on projects. Youll build your own animations used in telling stories, in conveying data for presentations and in simple games for motivating kids. Everything will be done using only HTML, CSS and Javascript (ES6), so youll gain the foundational skills applicable to any other visualization or game framework you might wish to use later.  Note: This course works best for learners who are based in the North America region. Were currently working on providing the same experience in other regions.	4.20	Beginner	https://youtu.be/AKmoccuRiN4?si=ZeZcZGaQ5lCgwlJz	\N	\N	2	f	0
39	Python Functions, Files, and Dictionaries	00:13:10	This course introduces the dictionary data structure and user-defined functions. Youll learn about local and global variables, optional and keyword parameter-passing, named functions and lambda expressions. Youll also learn about Pythons sorted function and how to control the order in which it sorts by passing in another function as an input. For your final project, youll read in simulated social media data from a file, compute sentiment scores, and write out .csv files. It covers chapters 10-16 of the textbook Fundamentals of Python Programming, which is the accompanying text (optional and free) for this course.  The course is well-suited for you if you have already taken the "Python Basics" course and want to gain further fundamental knowledge of the Python language. Together, both courses are geared towards newcomers to Python programming, those who need a refresher on Python basics, or those who may have had some exposure to Python programming but want a more in-depth exposition and vocabulary for describing and reasoning about programs.  This is a follow-up to the "Python Basics" course (course 1 of the Python 3 Programming Specialization), and it is the second of five courses in the specialization.	4.80	Intermediate	https://youtu.be/6Iw4YZICbME?si=V9P_B2fIzptZ_fTq	\N	\N	5	f	0
87	Data Analysis Tools	00:04:07	In this course, you will develop and test hypotheses about your data. You will learn a variety of statistical tests, as well as strategies to know how to apply the appropriate one to your specific data and question. Using your choice of two powerful statistical software packages (SAS or Python), you will explore ANOVA, Chi-Square, and Pearson correlation analysis. This course will guide you through basic statistical principles to give you the tools to answer questions you have developed. Throughout the course, you will share your progress with others to gain valuable feedback and provide insight to other learners about their work.	4.40	Advanced	https://youtu.be/jgXp1EE4Wms?si=Mz22X0QROP4rCvdt	\N	\N	5	f	0
43	How Google does Machine Learning	00:05:00	What is machine learning, and what kinds of problems can it solve? Google thinks about machine learning slightly differently -- of being about logic, rather than just data. We talk about why such a framing is useful for data scientists when thinking about building a pipeline of machine learning models.   Then, we discuss the five phases of converting a candidate use case to be driven by machine learning, and consider why it is important the phases not be skipped. We end with a recognition of the biases that machine learning can amplify and how to recognize this.  >>> By enrolling in this specialization you agree to the Qwiklabs Terms of Service as set out in the FAQ and located at: https://qwiklabs.com/terms_of_service <<<	4.60	Beginner	https://youtu.be/wsi0jg_gH28?si=foLS_NLkpL8tw1-B	\N	\N	1	f	0
44	Understanding Your Google Cloud Platform (GCP) Costs	00:05:35	Understanding Your Google Cloud Platform (GCP) Costs is most suitable for those working in a technology or finance role who are responsible for managing GCP costs.   Youll learn how to set up a billing account, organize resources, and manage billing access permissions.   In the hands-on labs, you'll learn how to view your invoice, track your GCP costs with Billing reports, analyze your billing data with BigQuery or Google Sheets, and create custom billing dashboards with Data Studio.\\\\t\\\\t  Students enrolling in this course do not need any prior Google Cloud technical experience.	4.60	Advanced	https://youtu.be/4R9XvHfxUKI?si=hJOYzsUJl2qApu4M	\N	\N	8	f	0
45	Fundamentals of Network Communication	00:15:25	In this course, we trace the evolution of networks and identify the key concepts and functions that form the basis for layered architecture. We introduce examples of protocols and services that are familiar to the students, and we explain how these services are supported by networks. Further, we explain fundamental concepts in digital communication, and focus on error control techniques that include parity check, polynomial code, and Internet checksum. Students will be required to have some previous programming experience in C-programming (C++/Java), some fundamental knowledge of computer organization and IT architecture and a background in computer science is a plus.	4.40	Intermediate	https://youtu.be/H7-NR3Q3BeI?si=ssjkTbpxfhe_Zkn7	\N	\N	3	f	0
46	Predictive Modeling and Machine Learning with MATLAB	00:04:58	In this course, you will build on the skills learned in Exploratory Data Analysis with MATLAB and Data Processing and Feature Engineering with MATLAB to increase your ability to harness the power of MATLAB to analyze data relevant to the work you do.  These skills are valuable for those who have domain knowledge and some exposure to computational tools, but no programming background. To be successful in this course, you should have some background in basic statistics (histograms, averages, standard deviation, curve fitting, interpolation) and have completed courses 1 through 2 of this specialization.   By the end of this course, you will use MATLAB to identify the best machine learning model for obtaining answers from your data. You will prepare your data, train a predictive model, evaluate and improve your model, and understand how to get the most out of your models.	4.70	Intermediate	https://youtu.be/VZw_Hi4LzDQ?si=qxwj8Kg3aQi6ipAl	\N	\N	1	f	0
47	Build a Machine Learning Web App with Streamlit and Python	00:38:44	Welcome to this hands-on project on building your first machine learning web app with the Streamlit library in Python. By the end of this project, you are going to be comfortable with using Python and Streamlit to build beautiful and interactive ML web apps with zero web development experience! We are going to load, explore, visualize and interact with data, and generate dashboards in less than 100 lines of Python code! Our web application will allows users to choose what classification algorithm they want to use and let them interactively set hyper-parameter values, all without them knowing to code!  Prior experience with writing simple Python scripts and using pandas for data manipulation is recommended. It is required that you have an understanding of Logistic Regression, Support Vector Machines, and Random Forest Classifiers and how to use them in scikit-learn.  Note: This course works best for learners who are based in the North America region. Were currently working on providing the same experience in other regions.	4.70	Beginner	https://youtu.be/Klqn--Mu2pE?si=JWPcXzGW0lWB8xbQ	\N	\N	1	f	0
50	Network Security & Database Vulnerabilities	00:05:44	This course gives you the background needed to understand basic network security.  You will learn the about Local Area Networks, TCP/IP, the OSI Framework and routing basics.  You will learn how networking affects security systems within an organization.  You will learn the network components that guard an organization from cybersecurity attacks.  In addition to networking, you will learn about database vulnerabilities and the tools/knowledge needed to research a database vulnerability for a variety of databases including SQL Injection, Oracle, Mongo and Couch.    You will learn about various security breach types associated with databases and organizations that define standards and provide tools for cybersecurity professionals.  This course is intended for anyone who wants to gain a basic understanding of Network Security/Database Vulnerabilities or as the fourth course in a series of courses to acquire the skills to work in the Cybersecurity field as a Jr Cybersecurity Analyst.	4.60	Beginner	https://youtu.be/8zSoyAmHHc4?si=1l2GGlhMNfLOVs7w	\N	\N	3	f	0
52	COVID19 Data Analysis Using Python	01:43:45	In this project, you will learn how to preprocess and merge datasets to calculate needed measures and prepare them for an Analysis. In this project, we are going to work with the COVID19 dataset, published by John Hopkins University, which consists of the data related to the cumulative number of confirmed cases, per day, in each Country. Also, we have another dataset consist of various life factors, scored by the people living in each country around the globe.  We are going to merge these two datasets to see if there is any relationship between the spread of the virus in a country and how happy people are, living in that country.  Notes: This project works best for learners who are based in the North America region. Were currently working on providing the same experience in other regions.	4.50	Beginner	https://www.youtube.com/live/8uC4yZfakxk?si=sYL1rsceupXlJ870	\N	\N	1	f	0
53	Image Processing with Python	00:20:37	Image processing has been used to create weird and beautiful modifications to pictures many of us have seen online. Older black and white photos can be brought to life using colorization techniques. On the other hand, color photos can be made to look like old black and white photos. In addition to distorting images for entertainment, image processing can be used for more serious applications, for example, to enhance medical imaging to screen patients for cancer or other diseases.  In this course, you will create a Python application that reads from a list of images, modifies their size and appearance, and saves the images in another directory.  Note: This course works best for learners who are based in the North America region. Were currently working on providing the same experience in other regions.	4.20	Beginner	https://youtu.be/kSqxn6zGE0c?si=_b2lN0UGERq9a_5i	\N	\N	1	f	0
54	Advanced Linear Models for Data Science 1: Least Squares	00:05:01	Welcome to the Advanced Linear Models for Data Science Class 1: Least Squares. This class is an introduction to least squares from a linear algebraic and mathematical perspective. Before beginning the class make sure that you have the following:  - A basic understanding of linear algebra and multivariate calculus. - A basic understanding of statistics and regression models. - At least a little familiarity with proof based mathematics. - Basic knowledge of the R programming language.  After taking this course, students will have a firm foundation in a linear algebraic treatment of regression modeling. This will greatly augment applied data scientists' general understanding of regression models.	4.30	Intermediate	https://youtu.be/-6bgtMRCyYU?si=zAsVrtmSyGtNAbvb	\N	\N	1	f	0
56	Cybersecurity Roles, Processes & Operating System Security	00:06:43	This course gives you the background needed to understand basic Cybersecurity  around people. process and technology.  You will learn:  ?\\\\t Understand the key cybersecurity roles within an Organization.  ?\\\\t List key cybersecurity processes and an example of each process. ?\\\\t Describe the architecture, file systems, and basic commands for multiple operating systems including Windows, Mac/OS, Linux and Mobile. ?\\\\t Understand the concept of Virtualization as it relates to cybersecurity   Finally, you will begin to learn about organizations and resources to further research cybersecurity issues in the Modern era.  This course is intended for anyone who wants to gain a basic understanding of Cybersecurity or as the second course in a series of courses to acquire the skills to work in the Cybersecurity field as a Jr Cybersecurity Analyst.  The completion of this course also makes you eligible to earn the Cybersecurity Roles, Processes & Operating System Security IBM digital badge.  More information about the badge can be found here:   https://www.youracclaim.com/org/ibm/badge/cybersecurity-roles-processes-operating-system-security	4.50	Beginner	https://youtu.be/U_sdn9k5AwA?si=yrFPhmgqvO2i40HD	\N	\N	3	f	0
57	Embedded Software and Hardware Architecture	00:05:49	Embedded Software and Hardware Architecture is a first dive into understanding embedded architectures and writing software to manipulate this hardware. You will gain experience writing low-level firmware to directly interface hardware with highly efficient, readable and portable design practices. We will now transition from the Host Linux Machine where we built and ran code in a simulated environment to an Integrated Development Environment where you will build and install code directly on your ARM Cortex-M4 Microcontroller. Course assignments include writing firmware to interact and configure both the underlying ARM architecture and the MSP432 microcontroller platform. The course concludes with a project where you will develop a circular buffer data structure.   In this course you will need the Texas Instruments LaunchPad with the MSP432 microcontroller in order to complete the assignments. Later courses of the Specialization will continue to use this hardware tool to develop even more exciting firmware.	4.10	Intermediate	https://youtu.be/5CnwdF3fCuM?si=9Y1CoDsOWI3yTJjg	\N	\N	4	f	0
63	Advanced SQL Retrieval Queries in SQLiteStudio	00:10:16	In this course you will learn to write Advanced SQL (Structured Query Language) retrieval queries using SQLiteStudio. Retrieving data from a relational database is one of the primary methods used by application and web developers to display data and populate web pages. Since a database can be made up of a complex combination of relational tables, retrieving that data can be challenging. You can meet those challenges by gaining experience with some of the more Advanced SQL coding techniques. Through hands-on practice you will write SQL code to use functions and grouping, sub queries, calculated fields, and conditional expressions. In addition, you will experiment with alternative methods of joining tables for data retrieval.  Note: This course works best for learners who are based in the North America region. Were currently working on providing the same experience in other regions.	4.60	Beginner	https://youtu.be/e2B_dOA3rEI?si=MtulX4W40Gc-SKQF	\N	\N	6	f	0
58	Data Analysis and Representation, Selection and Iteration	00:13:31	This course is the second course in the specialization exploring both computational thinking and beginning C programming. Rather than trying to define computational thinking, well just say its a problem-solving process that includes lots of different components. Most people have a better understanding of what beginning C programming means!  This course assumes you have the prerequisite knowledge from the previous course in the specialization. You should make sure you have that knowledge, either by taking that previous course or from personal experience, before tackling this course. The required prerequisite knowledge is listed below.   Prerequisite computational thinking knowledge: Algorithms and procedures, data collection Prerequisite C knowledge: Data types, variables, constants, and STEM computations  Throughout this course you'll learn about data analysis and data representation, which are computational thinking techniques that help us understand what sets of data have to tell us. For the programming topics, you'll continue building on your C knowledge by implementing selection, which lets us decide which code to execute, and iteration (or looping), which lets us repeat chunks of code multiple times.  Module 1: Learn about some common statistics we can calculate as we analyze sets of data Module 2: Discover how we make decisions in our code Module 3: Explore the various ways we can represent sets of data Module 4: Use iteration (looping) to repeat actions in your code	4.70	Intermediate	https://youtu.be/UHXKd3-GcbU?si=BtOpsXsZPQ0IJQIj	\N	\N	5	f	0
59	Build Data Analysis tools using R and DPLYR	00:33:09	In this long project-based course, you will learn one of the most powerful data analysis tools of the experts: the DPLYR package.  By learning the six main verbs of the package (filter, select, group by, summarize, mutate, and arrange), you will have the knowledge and tools to complete your next data analysis project or data transformation.     By the end of this project, you will be able to: Use the six main dplyr verbs Understand the dplyr package and its capabilities  Get hands-on practice using R and dplyr functions    This course runs on Coursera's hands-on project platform called Rhyme. On Rhyme, you do projects in a hands-on manner in your browser. You will get instant access to pre-configured cloud desktops containing all of the software and data you need for the project. Everything is already set up directly in your internet browser so you can just focus on learning. For this project, this means instant access to a cloud desktop with R and the appropriate packages installed.     Notes: - You will be able to access the cloud desktop 5 times. However, you will be able to access instructions videos as many times as you want. - This course works best for learners who are based in the North America region. Were currently working on providing the same experience in other regions.	4.50	Advanced	https://youtu.be/KMxD33w_dt0?si=PO2PJOkm4-lQfK3n	\N	\N	5	f	0
61	Using probability distributions for real world problems in R	00:09:57	By the end of this project, you will learn how to apply probability distributions to solve real world problems in R, a free, open-source program that you can download. You will learn how to answer real world problems using the following probability distributions  Binomial, Poisson, Normal, Exponential and Chi-square. You will also learn the various ways of visualizing these distributions of real world problems. By the end of this project, you will become confident in understanding commonly used probability distributions through solving practical problems and you will strengthen your core concepts of data distributions using R programming language.  These distributions are widely used in day-to-day life of statisticians for hypothesis testing and drawing conclusions on a population from a small sample. Additionally, in the field of data science, statistical inferences use probability distribution of data to analyze or predict trend from data.  Note: This course works best for learners who are based in the North America region. Were currently working on providing the same experience in other regions.	4.80	Beginner	https://youtu.be/7hcMaQQazhA?si=TSV5pnjIUoHaNsmE	\N	\N	5	f	0
167	Hybrid Cloud Infrastructure Foundations with Anthos	05:44:22	This on-demand course equips students to build reliable and manageable multi-cluster Kubernetes infrastructures using Anthos GKE, whether deployed with Anthos on Google Cloud or with Anthos deployed on VMware. It is a continuation of Architecting with GKE and assumes hands-on experience with the technologies covered in that course.	4.70	Intermediate	https://www.youtube.com/playlist?list=PLfEbn547AKfUOECCPa_OY_YbTJWOmTtR8	\N	\N	8	f	0
67	Computer Architecture	00:12:22	In this course, you will learn to design the computer architecture of complex modern microprocessors.  All the features of this course are available for free.  It does not offer a certificate upon completion.	4.70	Advanced	https://youtu.be/rtAlC5J1U40?si=VGrDdCLKJAOaOWbV	\N	\N	3	f	0
62	On Premises Capacity Upgrade and Monitoring with Google Cloud's Apigee API Platform	00:04:58	This course helps you build understanding on key considerations for capacity planning and how to add and remove logical and physical capacity to the platform. Here you will learn how to add and remove logical elements such as Organizations, Environments and Virtual Hosts. It will also cover how to add new and remove components as well as how to add entire regions.  The course will also cover the Apigee API Platform's monitoring capabilities, how to organize ideas for quickly detect and address failure scenarios as well as how to reach out to Apigee support for help.	4.70	Intermediate	https://youtu.be/B8J6-U744-I?si=txRK5-ZGDmO7txk8	\N	\N	8	f	0
64	Avoid Overfitting Using Regularization in TensorFlow	00:11:40	In this 2-hour long project-based course, you will learn the basics of using weight regularization and dropout regularization to reduce over-fitting in an image classification problem. By the end of this project, you will have created, trained, and evaluated a Neural Network model that, after the training and regularization, will predict image classes of input examples with similar accuracy for both training and validation sets.  Note: This course works best for learners who are based in the North America region. Were currently working on providing the same experience in other regions.	4.80	Beginner	https://youtu.be/EehRcPo1M-Q?si=Rwo3jO-38fI9c6yt	\N	\N	1	f	0
65	Principal Component Analysis with NumPy	00:12:15	Welcome to this 2 hour long project-based course on Principal Component Analysis with NumPy and Python. In this project, you will do all the machine learning without using any of the popular machine learning libraries such as scikit-learn and statsmodels. The aim of this project and is to implement all the machinery of the various learning algorithms yourself, so you have a deeper understanding of the fundamentals. By the time you complete this project, you will be able to implement and apply PCA from scratch using NumPy in Python, conduct basic exploratory data analysis, and create simple data visualizations with Seaborn and Matplotlib. The prerequisites for this project are prior programming experience in Python and a basic understanding of machine learning theory.  This course runs on Coursera's hands-on project platform called Rhyme. On Rhyme, you do projects in a hands-on manner in your browser. You will get instant access to pre-configured cloud desktops containing all of the software and data you need for the project. Everything is already set up directly in your internet browser so you can just focus on learning. For this project, youll get instant access to a cloud desktop with Python, Jupyter, NumPy, and Seaborn pre-installed.	4.60	Beginner	https://youtu.be/Rjr62b_h7S4?si=CQ4ICHzy1O__A-9H	\N	\N	1	f	0
68	Basic Data Processing and Visualization	09:56:22	This is the first course in the four-course specialization Python Data Products for Predictive Analytics, introducing the basics of reading and manipulating datasets in Python. In this course, you will learn what a data product is and go through several Python libraries to perform data retrieval, processing, and visualization.   This course will introduce you to the field of data science and prepare you for the next three courses in the Specialization: Design Thinking and Predictive Analytics for Data Products, Meaningful Predictive Modeling, and Deploying Machine Learning Models. At each step in the specialization, you will gain hands-on experience in data manipulation and building your skills, eventually culminating in a capstone project encompassing all the concepts taught in the specialization.	4.20	Advanced	https://youtu.be/GPVsHOlRBBI?si=p7pmYUtbzUvzhjpq	\N	\N	5	f	0
103	Advanced System Security Topics	00:07:12	In this MOOC, we learn RBAC and ABAC access control to facilitate the specification and management of  access policies. We learn examples of how RBAC is supported by modern systems such as Docker and AWS IAM. We learn XACML 3.0 and an ABAC implementation for controling secure access to web documents and network resources with attribute certificates, and XACML architecture components.   We show how to exhance the data security with GeoEncryption, Secure Enhanced Geolocking, and R2D2  concepts which deliver data to right places via right path.  We show how Google Map and Web Crytpo  API can be integrated for encrypted document on web browser without download apps and associate them with geolocking area to restrict unauthorize and improper accesses.	4.40	Advanced	https://youtu.be/8bz_pWaxDMo?si=61zaXuQzpzakpHbX	\N	\N	7	f	0
71	Introduction to Data, Signal, and Image Analysis with MATLAB	00:16:44	Welcome to Introduction to Data, Signal, and Image Analysis with MATLAB!       MATLAB is an extremely versatile programming language for data, signal, and image analysis tasks. This course provides an introduction on how to use MATLAB for data, signal, and image analysis. After completing the course,  learners will understand how machine learning methods can be used in MATLAB for data classification and prediction; how to perform data visualization, including data visualization for high dimensional datasets; how to perform image processing and analysis methods, including image filtering and image segmentation; and how to perform common signal analysis tasks, including filter design and frequency analysis.	4.80	Beginner	https://youtu.be/asevE1UYiBY?si=33ZduFzwve2AvmIj	\N	\N	5	f	0
74	Containerize a full-stack NodeJS application in Docker	02:19:41	In this 1-hour long project-based course on Intermediate Docker: Containerize a full-stack NodeJS application in Docker and deploy to remote server, you will get to use Docker to stitch together a real full stack NodeJS application in a multi-container architecture.    By the end of this course, you will have built a simple blog page, which is a working full-stack application using the MVC (model view controller) framework in NodeJS persisting to a MongoDB database across separate containers and living on one single Docker provided network.   You will learn how to stitch all of these services together using Dockerfile and docker-compose files, and get it configured in a remote machine in the cloud, just like if you wanted to run the application from anywhere in the world!   Note: This course works best for learners who are based in the North America region. Were currently working on providing the same experience in other regions.	4.80	Beginner	https://youtu.be/ozFFCrMedFM?si=uofgC7XKIq6XGIdk	\N	\N	2	f	0
73	AutoML for Computer Vision with Microsoft Custom Vision	00:23:53	Welcome to this hands-on project on using Microsofts Custom Vision service for automated machine learning or AutoML as its popularly known. In this project, you are going to use Microsofts drag and drop tool to train your computer to recognize images of dogs and cats. We are going to do all of this without writing a single line of code! To take this guided-project, you do not need a background in computer science, machine learning or coding.   The only prerequisite for this project is that you have a Microsoft Azure account. If you dont already have one, you will have to sign up for it.  Note: This course works best for learners who are based in the North America region. Were currently working on providing the same experience in other regions.	4.60	Beginner	https://www.youtube.com/live/FPDCRSuAym0?si=qJXkKcy5BKbOtM2e	\N	\N	6	f	0
70	Video Basics with OpenCV and Python	01:13:09	In this 1-hour long project-based course, you will learn how to connect to your computer's camera, open it, record yourself or something, save it, open the video file you have saved, draw on live video, interact on live video and at the end do Face Detection.   This course runs on Coursera's hands-on project platform called Rhyme. On Rhyme, you do projects in a hands-on manner in your browser. You will get instant access to pre-configured cloud desktops containing all of the software and data you need for the project. Everything is already set up directly in your Internet browser so you can just focus on learning. For this project, youll get instant access to a cloud desktop with (e.g. Python, Jupyter, and Tensorflow) pre-installed.  Prerequisites: In order to be successful in this project, you should have a fundamental knowledge of Python.   Notes: -  You will be able to access the cloud desktop 5 times. However, you will be able to access instructions videos as many times as you want. - This course works best for learners who are based in the North America region. Were currently working on providing the same experience in other regions.	4.10	Beginner	https://youtu.be/oXlwWbU8l2o?si=kocnKJlve3bOrsPh	\N	\N	1	f	0
75	Machine Learning with Python	18:00:34	This course dives into the basics of machine learning using an approachable, and well-known programming language, Python.  In this course, we will be reviewing two main components: First, you will be learning about the purpose of Machine Learning and where it applies to the real world.  Second, you will get a general overview of Machine Learning topics such as supervised vs unsupervised learning,  model evaluation, and Machine Learning algorithms.   In this course, you practice with real-life examples of Machine learning and see how it affects society in ways you may not have guessed!  By just putting in a few hours a week for the next few weeks, this is what youll get. 1) New skills to add to your resume, such as regression, classification, clustering, sci-kit learn and SciPy  2) New projects that you can add to your portfolio, including cancer detection, predicting economic trends, predicting customer churn, recommendation engines, and many more. 3) And a certificate in machine learning to prove your competency, and share it anywhere you like online or offline, such as LinkedIn profiles and social media.  If you choose to take this course and earn the Coursera course certificate, you will also earn an IBM digital badge upon successful completion of the course.	4.60	Beginner	https://youtu.be/hDKCxebp88A?si=dSQ9tEsO7G7TxD14	\N	\N	1	f	0
77	Merge, Sort and Filter Data in Python Pandas	00:13:07	Visualizing data patterns often involves re-arrangement and elimination to determine patterns. For example, in a list of data with yearly rainfall amounts, to quickly determine the years with the most rainfall, the data can be sorted according to rainfall in descending order. A filter could be used to limit the amount of data observed, for example, to only show rainfall amounts greater than an inch. A merge can be used to join two datasets together, for example rainfall and temperature data from two different sources. The ability to sort, merge and filter data has always existed using SQL with database data, now it can be done in application memory space using Python.  In this course, you will create an application that reads data from two CSV files. You will learn how to merge, sort, and filter the data to ultimately produce a regression plot to determine a possible correlation between two data sets.	4.30	Beginner	https://youtu.be/1bn93RAsj9c?si=dsSYa0AHkv6HH7AS	\N	\N	5	f	0
80	Advanced R Programming	01:09:50	This course covers Advanced topics in R programming that are necessary for developing powerful, robust, and reusable data science tools. Topics covered include functional programming in R, robust error handling, object oriented programming, profiling and benchmarking, debugging, and proper design of functions. Upon completing this course you will be able to identify and abstract common data analysis tasks and to encapsulate them in user-facing functions. Because every data science environment encounters unique data challenges, there is always a need to develop custom software specific to your organizations mission. You will also be able to define new data types in R and to develop a universe of functionality specific to those data types to enable cleaner execution of data science tasks and stronger reusability within a team.	4.20	Advanced	https://youtu.be/d_tf5SU_Ezk?si=W1qXi6nzMAm9yz2j	\N	\N	5	f	0
121	Data Analytics:  Scraping Data using Hadley Wickam's Rvest package in R	00:09:30	In this 1-hour long project-based course, you will learn how to (complete a training and test set using an R function, practice looking at data distribution using R and ggplot2, Apply a Random Forest model to the data using the FFTrees package in R, and examine the results using a Confusion Matrix.   Note: This course works best for learners who are based in the North America region. Were currently working on providing the same experience in other regions.	4.20	Intermediate	https://youtu.be/aFpnpTXjOxY?si=rqfm3vTtYwJZS8Td	\N	\N	5	f	0
81	Exploring ?and ?Preparing ?your ?Data with BigQuery	00:04:38	Welcome to the Coursera specialization, From Data to Insights with Google Cloud Platform brought to you by the Google Cloud team. Im Evan Jones (a data enthusiast) and Im going to be your guide.  This first course in this specialization is Exploring and Preparing your Data with BigQuery. Here we will see what the common challenges faced by data analysts are and how to solve them with the big data tools on Google Cloud Platform. Youll pick up some SQL along the way and become very familiar with using BigQuery and Cloud Dataprep to analyze and transform your datasets.  This course should take about one week to complete, 5-7 total hours of work.  By the end of this course, youll be able to query and draw insight from millions of records in our BigQuery public datasets. Youll learn how to assess the quality of your datasets and develop an automated data cleansing pipeline that will output to BigQuery. Lastly, youll get to practice writing and troubleshooting SQL on a real Google Analytics e-commerce dataset to drive marketing insights.  >>> By enrolling in this specialization you agree to the Qwiklabs Terms of Service as set out in the FAQ and located at: https://qwiklabs.com/terms_of_service <<<	4.60	Beginner	https://youtu.be/d3MDxC_iuaw?si=BU4tpwH-Vj-CPKBd	\N	\N	5	f	0
97	Mathematical Biostatistics Boot Camp 2	00:01:09	Learn fundamental concepts in data analysis and statistical inference, focusing on one and two independent samples.	4.40	Advanced	https://youtu.be/1jNottJPGFQ?si=cHIeuW0H3muJVtaU	\N	\N	5	f	0
84	Big Data Analytical Platform on Alibaba Cloud	00:51:35	Building an Analytical Platform on Alibaba Cloud can empower how you take in, analyze, and demonstrate clear metrics from a set of Big Data. This course is designed to teach engineers how to use Alibaba Cloud Big Data products. It covers basic distributed system theory and Alibaba Cloud's core products like MaxCompute, DataWorks, E-MapReduce as well as a bundle of ecosystem tools.	4.70	Beginner	https://youtu.be/BU1f9CAfjR8?si=cYFgXrq9wowaL98V	\N	\N	8	f	0
85	Intermediate Relational Database and SQL	00:15:52	In this 1-hour long project-based course, you will gain hands-on experience and learn how to create and maintain relational databases such as MySQL, Oracle and MS Access. Concepts covered include database and table creation, primary keys and foreign keys. If you have some experience with end-user level SQL and want to advance to a designer or database administrator role, this course is for you!  Note: Taking my course "Introduction to Relational Database and SQL" before taking this course is highly recommended. Especially if you do not have any previous experience with relational database and SQL.	4.40	Advanced	https://youtu.be/9URM1_2S0ho?si=pYE7GPPeTDfBTc2-	\N	\N	5	f	0
86	Big Data - Capstone Project	01:19:39	Welcome to the Capstone Project for Big Data! In this culminating project, you will build a big data ecosystem using tools and methods form the earlier courses in this specialization. You will analyze a data set simulating big data generated from a large number of users who are playing our imaginary game "Catch the Pink Flamingo". During the five week Capstone Project, you will walk through the typical big data science steps for acquiring, exploring, preparing, analyzing, and reporting. In the first two weeks, we will introduce you to the data set and guide you through some exploratory analysis using tools such as Splunk and Open Office. Then we will move into more challenging big data problems requiring the more Advanced tools you have learned including KNIME, Spark's MLLib and Gephi. Finally, during the fifth and final week, we will show you how to bring it all together to create engaging and compelling reports and slide presentations. As a result of our collaboration with Splunk, a software company focus on analyzing machine-generated big data, learners with the top projects will be eligible to present to Splunk and meet Splunk recruiters and engineering leadership.	4.20	Advanced	https://www.youtube.com/live/nBEkcWZYUiI?si=hHbFyhP5Sg3c9muf	\N	\N	5	f	0
88	Create a Python Application using PyMongo and MongoDB Database	00:21:23	Data plays a crucial role in application development. It plays such a crucial role that there are people called Database Administrators that specialize in just organizing the data. The traditional database used to be, and often still is, a relational database. MongoDB is more flexible than a relational database, and as such provides the developer with a database that can easily be changed during the development phase. The increased popularity of MongoDB combined with the popularity of Python has resulted in a Python library called PyMongo, which provides an API for communicating with MongoDB.  In this course, you will create a Python application, using PyMongo, that creates a MongoDB database containing words and their definitions. You will then retrieve data from the collection and display a selected Words definition.  Note: This course works best for learners who are based in the North America region. Were currently working on providing the same experience in other regions.	4.60	Beginner	https://youtu.be/rE_bJl2GAY8?si=FxA1ZB_l6r_S3eKr	\N	\N	6	f	0
89	Creating Database Tables with SQL	00:15:35	In this course you will experience the process of defining, creating, and managing relational database tables using the SQL language. Tables are used as the containers for the data in a database. As such, the structure, or makeup, of each table in a relational database is critical, since it must be designed and created specifically to meet the needs of the data it will contain. The tables structure indicates which pieces of data are stored in a table, as well as the type and size of each piece of data.   Throughout the course, youll be exposed to guidelines and rules that database designers use to make sure that the tables will keep the data as safe and accurate as possible. Youll learn to use SQL code to incorporate the constraints that help the database management enforce those rules. As you work through and complete hands-on tasks, youll become familiar with SQLiteStudio, the database management system used in the course.  Tables that are well-designed and created correctly improve data integrity--and make data retrieval easier!  Note: This course works best for learners who are based in the North America region. Were currently working on providing the same experience in other regions.	4.60	Beginner	https://youtu.be/LAP9-vu-KgU?si=VTLFNiJ9OWO5H3ZN	\N	\N	6	f	0
51	Google Cloud Fundamentals for Azure Professionals: Core Infrastructure	00:09:39	This course introduces you to important concepts and terminology for working with Google Cloud Platform (GCP). You learn about, and compare, many of the computing and storage services available in Google Cloud Platform, including Google App Engine, Google Compute Engine, Google Kubernetes Engine, Google Cloud Storage, Google Cloud SQL, and BigQuery. You learn about important resource and policy management tools, such as the Google Cloud Resource Manager hierarchy and Google Cloud Identity and Access Management. Hands-on labs give you foundational skills for working with GCP.  Note: Google services are currently unavailable in China.	4.80	Intermediate	https://youtu.be/Pt9LelJ0fL0?si=hWpZTkBpQIthrEO4	\N	\N	7	f	0
83	Build a Python GUI with Tkinter	00:11:56	A graphical user interface can be a nice alternative to using the command line for running programs, as there is no need to memorize how to execute a command with arguments. A label may be added to describe what is needed for the application, for example. There are many choices for building a graphical user interface in Python. Some of them require licensing for commercial use and each have their own sets of learning curves. Using Tkinter avoids the licensing issues and is quite simple to use as well. It is a GUI package that is the standard GUI toolkit for python applications and is widely available on multiple platforms including Windows, Mac, and Linux.  In this course, you will implement a Tkinter GUI to read from a user-provided file containing data.  The GUI will allow the user to plot columnar data as X and Y coordinates on a regression graph, and display statistics about the data from each of the selected columns.  Note: This course works best for learners who are based in the North America region. Were currently working on providing the same experience in other regions.	4.50	Beginner	https://youtu.be/yQSEXcf6s2I?si=qelFDXMJdG1sfkgj	\N	\N	2	f	0
193	Google Cloud Platform Fundamentals: Core Infrastructure	00:17:41	This course introduces you to important concepts and terminology for working with Google Cloud Platform (GCP). You learn about, and compare, many of the computing and storage services available in Google Cloud Platform, including Google App Engine, Google Compute Engine, Google Kubernetes Engine, Google Cloud Storage, Google Cloud SQL, and BigQuery. You learn about important resource and policy management tools, such as the Google Cloud Resource Manager hierarchy and Google Cloud Identity and Access Management. Hands-on labs give you foundational skills for working with GCP.  Note: Google services are currently unavailable in China.  New! CERTIFICATE COMPLETION CHALLENGE to unlock benefits from Coursera and Google Cloud Enroll and complete Cloud Engineering with Google Cloud or Cloud Architecture with Google Cloud Professional Certificate  or Data Engineering with Google Cloud Professional Certificate before November 8, 2020 to receive the following benefits;   => Google Cloud t-shirt, for the first 1,000 eligible learners to complete. While supplies last. > Exclusive access to Big => Interview ($950 value) and career coaching  => 30 days free access to Qwiklabs ($50 value) to earn Google Cloud recognized skill badges by completing challenge quests	4.70	Intermediate	https://www.youtube.com/playlist?list=PLVext98k2evjIFqVggHfvecnFu4tTJK_o	\N	\N	5	f	0
195	Google Cloud Platform Fundamentals: Core Infrastructure	00:17:41	This course introduces you to important concepts and terminology for working with Google Cloud Platform (GCP). You learn about, and compare, many of the computing and storage services available in Google Cloud Platform, including Google App Engine, Google Compute Engine, Google Kubernetes Engine, Google Cloud Storage, Google Cloud SQL, and BigQuery. You learn about important resource and policy management tools, such as the Google Cloud Resource Manager hierarchy and Google Cloud Identity and Access Management. Hands-on labs give you foundational skills for working with GCP.  Note: Google services are currently unavailable in China.  New! CERTIFICATE COMPLETION CHALLENGE to unlock benefits from Coursera and Google Cloud Enroll and complete Cloud Engineering with Google Cloud or Cloud Architecture with Google Cloud Professional Certificate  or Data Engineering with Google Cloud Professional Certificate before November 8, 2020 to receive the following benefits;   => Google Cloud t-shirt, for the first 1,000 eligible learners to complete. While supplies last. > Exclusive access to Big => Interview ($950 value) and career coaching  => 30 days free access to Qwiklabs ($50 value) to earn Google Cloud recognized skill badges by completing challenge quests	4.70	Intermediate	https://www.youtube.com/playlist?list=PLVext98k2evjIFqVggHfvecnFu4tTJK_o	\N	\N	5	f	0
196	Google Cloud Platform Fundamentals: Core Infrastructure	00:17:41	This course introduces you to important concepts and terminology for working with Google Cloud Platform (GCP). You learn about, and compare, many of the computing and storage services available in Google Cloud Platform, including Google App Engine, Google Compute Engine, Google Kubernetes Engine, Google Cloud Storage, Google Cloud SQL, and BigQuery. You learn about important resource and policy management tools, such as the Google Cloud Resource Manager hierarchy and Google Cloud Identity and Access Management. Hands-on labs give you foundational skills for working with GCP.  Note: Google services are currently unavailable in China.  New! CERTIFICATE COMPLETION CHALLENGE to unlock benefits from Coursera and Google Cloud Enroll and complete Cloud Engineering with Google Cloud or Cloud Architecture with Google Cloud Professional Certificate  or Data Engineering with Google Cloud Professional Certificate before November 8, 2020 to receive the following benefits;   => Google Cloud t-shirt, for the first 1,000 eligible learners to complete. While supplies last. > Exclusive access to Big => Interview ($950 value) and career coaching  => 30 days free access to Qwiklabs ($50 value) to earn Google Cloud recognized skill badges by completing challenge quests	4.70	Intermediate	https://www.youtube.com/playlist?list=PLVext98k2evjIFqVggHfvecnFu4tTJK_o	\N	\N	5	f	0
197	First Steps in Linear Algebra for Machine Learning	06:57:41	The main goal of the course is to explain the main concepts of linear algebra that are used in data analysis and machine learning. Another goal is to improve the students practical skills of using linear algebra methods in machine learning and data analysis. You will learn the fundamentals of working with data in vector and matrix form, acquire skills for solving systems of linear algebraic equations and finding the basic matrix decompositions and general understanding of their applicability.  This course is suitable for you if you are not an absolute beginner in Matrix Analysis or Linear Algebra (for example, have studied it a long time ago, but now want to take the first steps in the direction of those aspects of Linear Algebra that are used in Machine Learning). Certainly, if you are highly motivated in study of Linear Algebra for Data Sciences this course could be suitable for you as well.	4.30	Beginner	https://www.youtube.com/playlist?list=PLRDl2inPrWQW1QSWhBU0ki-jq_uElkh2a	\N	\N	1	f	0
118	Version Control of a Python Project using Git	00:07:15	Version Control Systems keep track of files by saving changes over time. For example, a developer can make changes to a file and check the file in to the system. The system will create a version for that file and any other files that were changed. If any subsequent changes are made later that prove to break the software, a previous working version of the software can be recalled. Git was developed to provide an efficient means of version control and was originally developed to track Linux Kernel development.  In this course, you will create a local Git repository using an existing directory structure containing directories and files. You will use Git commands such as add, commit, and status to commit changes to your local Git repository.  Note: This course works best for learners who are based in the North America region. Were currently working on providing the same experience in other regions.	4.60	Intermediate	https://youtu.be/Yc8sCSeMhi4?si=tYr0061Vbz1-AHHK	\N	\N	6	f	0
198	Support Vector Machines with scikit-learn	00:53:00	In this project, you will learn the functioning and intuition behind a powerful class of supervised linear models known as support vector machines (SVMs). By the end of this project, you will be able to apply SVMs using scikit-learn and Python to your own classification tasks, including building a simple facial recognition model.  This course runs on Coursera's hands-on project platform called Rhyme. On Rhyme, you do projects in a hands-on manner in your browser. You will get instant access to pre-configured cloud desktops containing all of the software and data you need for the project. Everything is already set up directly in your internet browser so you can just focus on learning. For this project, youll get instant access to a cloud desktop with Python, Jupyter, and scikit-learn pre-installed.  Notes: -  You will be able to access the cloud desktop 5 times. However, you will be able to access instructions videos as many times as you want. - This course works best for learners who are based in the North America region. Were currently working on providing the same experience in other regions.	4.30	Beginner	https://www.youtube.com/playlist?list=PLGey__rsxvBV_osum6QrM5JjtZH8YFtTL	\N	\N	1	f	0
199	Security Awareness Training	00:15:58	The security of an organization is of the utmost importance and every member of the organization's staff plays a vital role in defending against cyber threats. One of the best ways to protect the organization is to institute a company-wide security-awareness training initiative.   This course is a complete foundational security awareness training program that covers a wide array of topics for nearly every type of end-user and learner level. The content is designed to allow organizations to be able to provide a comprehensive training program to help them protect their information assets against threats.  This training lasts approximately 2 hours and was designed to be engaging and is based on real scenarios staff may face. The training is modular and does not have to be completed in one sitting.  Topics included in this course are as follows:   Importance of Security  Data and Account Security  Passwords  Networking and Mobile Security  Malware  Social Engineering	4.70	Beginner	https://www.youtube.com/playlist?list=PLl3fbTetNAAFbT3AFAYmi4Zdq64CeVV_k	\N	\N	7	f	0
200	Applied Data Science Capstone	01:04:18	This capstone project course will give you a taste of what data scientists go through in real life when working with data.   You will learn about location data and different location data providers, such as Foursquare. You will learn how to make RESTful API calls to the Foursquare API to retrieve data about venues in different neighborhoods around the world. You will also learn how to be creative in situations where data are not readily available by scraping web data and parsing HTML code. You will utilize Python and its pandas library to manipulate data, which will help you refine your skills for exploring and analyzing data.   Finally, you will be required to use the Folium library to great maps of geospatial data and to communicate your results and findings.  If you choose to take this course and earn the Coursera course certificate, you will also earn an IBM digital badge upon successful completion of the course.    LIMITED TIME OFFER: Subscription is only $39 USD per month for access to graded materials and a certificate.	4.60	Beginner	https://www.youtube.com/playlist?list=PLjEGavNZWS1sUbj9lN-3dO4d1X_11IOug	\N	\N	1	f	0
201	Applied Data Science Capstone	01:04:18	This capstone project course will give you a taste of what data scientists go through in real life when working with data.   You will learn about location data and different location data providers, such as Foursquare. You will learn how to make RESTful API calls to the Foursquare API to retrieve data about venues in different neighborhoods around the world. You will also learn how to be creative in situations where data are not readily available by scraping web data and parsing HTML code. You will utilize Python and its pandas library to manipulate data, which will help you refine your skills for exploring and analyzing data.   Finally, you will be required to use the Folium library to great maps of geospatial data and to communicate your results and findings.  If you choose to take this course and earn the Coursera course certificate, you will also earn an IBM digital badge upon successful completion of the course.    LIMITED TIME OFFER: Subscription is only $39 USD per month for access to graded materials and a certificate.	4.60	Beginner	https://www.youtube.com/playlist?list=PLjEGavNZWS1sUbj9lN-3dO4d1X_11IOug	\N	\N	1	f	0
202	Requirements Gathering for Secure Software Development	06:26:52	In Software Requirements Elicitation for Secure Software Development, we're going to discuss the overall software requirements process as it applies  in waterfall, spiral, and agile models.  You'll learn about each of these processes and your goals as a software requirements analyst.  This is not an easy task! Who do you talk to, when, and what kind of knowledge are you trying to obtain, in any software life cycle? How do you handle obstacles as you go? These are the questions we will focus on answering in this specialization.	4.60	Beginner	https://www.youtube.com/playlist?list=PLxCzCOWd7aiEed7SKZBnC6ypFDWYLRvB2	\N	\N	7	f	0
203	Google Cloud Platform Fundamentals: Core Infrastructure	00:17:41	This course introduces you to important concepts and terminology for working with Google Cloud Platform (GCP). You learn about, and compare, many of the computing and storage services available in Google Cloud Platform, including Google App Engine, Google Compute Engine, Google Kubernetes Engine, Google Cloud Storage, Google Cloud SQL, and BigQuery. You learn about important resource and policy management tools, such as the Google Cloud Resource Manager hierarchy and Google Cloud Identity and Access Management. Hands-on labs give you foundational skills for working with GCP.  Note: Google services are currently unavailable in China.  New! CERTIFICATE COMPLETION CHALLENGE to unlock benefits from Coursera and Google Cloud Enroll and complete Cloud Engineering with Google Cloud or Cloud Architecture with Google Cloud Professional Certificate  or Data Engineering with Google Cloud Professional Certificate before November 8, 2020 to receive the following benefits;   => Google Cloud t-shirt, for the first 1,000 eligible learners to complete. While supplies last. > Exclusive access to Big => Interview ($950 value) and career coaching  => 30 days free access to Qwiklabs ($50 value) to earn Google Cloud recognized skill badges by completing challenge quests	4.70	Intermediate	https://www.youtube.com/playlist?list=PLVext98k2evjIFqVggHfvecnFu4tTJK_o	\N	\N	5	f	0
96	Advanced Relational Database and SQL	00:20:13	In this 1-hour long project-based course, you will gain hands-on experience and learn about Advanced SQL topics such as stored procedures, tiggers, functions, common table expressions and recursion. If you have intermediate level of experience with SQL and want to learn more, this course is for you!  Note: This is an Advanced level course. Taking my course "Introduction to Relational Database and SQL" and "Intermediate Relational Database and SQL" before taking this course is highly recommended. Especially if you do not have any previous experience with relational database and SQL.	4.60	Advanced	https://youtu.be/kq8aNv082Kk?si=Kec95IVTn2oBe6cP	\N	\N	6	f	0
206	Scalable Machine Learning on Big Data using Apache Spark	01:42:58	This course will empower you with the skills to scale data science and machine learning (ML) tasks on Big Data sets using Apache Spark. Most real world machine learning work involves very large data sets that go beyond the CPU, memory and storage limitations of a single computer.   Apache Spark is an open source framework that leverages cluster computing and distributed storage to process extremely large data sets in an efficient and cost effective manner. Therefore an applied knowledge of working with Apache Spark is a great asset and potential differentiator for a Machine Learning engineer.  After completing this course, you will be able to: - gain a practical understanding of Apache Spark, and apply it to solve machine learning problems involving both small and big data - understand how parallel code is written, capable of running on thousands of CPUs.  - make use of large scale compute clusters to apply machine learning algorithms on Petabytes of data using Apache SparkML Pipelines.  - eliminate out-of-memory errors generated by traditional machine learning frameworks when data doesnt fit in a computer's main memory - test thousands of different ML models in parallel to find the best performing one  a technique used by many successful Kagglers - (Optional) run SQL statements on very large data sets using Apache SparkSQL and the Apache Spark DataFrame API.  Enrol now to learn the machine learning techniques for working with Big Data that have been successfully applied by companies like Alibaba, Apple, Amazon, Baidu, eBay, IBM, NASA, Samsung, SAP, TripAdvisor, Yahoo!, Zalando and many others.  NOTE: You will practice running machine learning tasks hands-on on an Apache Spark cluster provided by IBM at no charge during the course which you can continue to use afterwards.  Prerequisites: - basic python programming - basic machine learning (optional introduction videos are provided in this course as well) - basic SQL skills for optional content  The following courses are recommended before taking this class (unless you already have the skills) https://www.coursera.org/learn/python-for-applied-data-science or similar https://www.coursera.org/learn/machine-learning-with-python or similar https://www.coursera.org/learn/sql-data-science for optional lectures	3.40	Beginner	https://www.youtube.com/playlist?list=PLTgRMOcmRb3MmS-GmCSIloqnsWlAhYWaw	\N	\N	1	f	0
6	AWS Elastic Beanstalk:Deploy a Python(Flask) Web Application	00:22:00	In this 1-hour long project-based course, you will learn how to create your Python web application & launch it on your own server using AWS Elastic Beanstalk technology. You will be using the Flask python framework to create your web application & AWS desktop management console to deploy the web application to the AWS servers. Additionally, you will learn more about reading the server logs, how to switch between different versions of your web application & also, monitoring your AWS servers using Elastic Beanstalk Desktop Management Console.  Note: To avoid distraction for set up during the course, we would recommend that you create an Amazon AWS account beforehand. Amazon AWS provides a free tier option for 1 year & the course materials will utilize services that fall under the free tier option.	5.00	Beginner	https://youtu.be/4tDjVFbi31o?si=iJwXD-nfFmPhrUjA	\N	\N	2	f	0
8	Hosting a Static Website (HTML/CSS/Javascript) in AWS S3	00:05:00	In this one hour project, you will learn how to use Amazon Web Services S3 storage service for hosting a static website (HTML/CSS/Javascript). Many companies and individuals today need a website and most of those don't require complex databases or backends. Amazon Web Services provides a Simple Storage Service S3 Free Tier that can be also used to host a static website with no servers and no complexity.   Many professionals don't know that it is possible to use AWS Simple Storage Service, S3, not only to store objects but also to host a completely static website made in HTML/CSS and Javascript and take advantage of all scalability and availability AWS offers.  Once you're done with this project, you will be able to deploy a static website in any AWS region you want with just a few steps and without huge tech experience.  Note: For this project, you will need an AWS account.	4.50	Advanced	https://youtu.be/-l83oqcaTHg?si=ml8LVSyoqWztk5Di	\N	\N	2	f	0
33	Single Page Web Applications with AngularJS	00:05:25	Do you want to write powerful, maintainable, and testable front end applications faster and with less code? Then consider joining this course to gain skills in one of the most popular Single Page Application (SPA) frameworks today, AngularJS. Developed and backed by Google, AngularJS is a very marketable skill to acquire.  In this course, we will explore the core design of AngularJS 1.x (latest version of AngularJS 1), its components and code organization techniques. We will enhance the functionality of our web app by utilizing dependency injection to reuse existing services as well as write our own. We will create reusable HTML components that take advantage of AngularJS data binding as well as extend HTML syntax with a very powerful feature of AngularJS called directives. Well set up routing so our SPA can have multiple views. We will also learn how to unit test our functionality. At the end of this course, you will build a fully functional, well organized and tested web application using AngularJS and deploy it to the cloud.	4.90	Advanced	https://youtu.be/xZIuFzUyNDs?si=jkJCpHFk5LWlKTUC	\N	\N	2	f	0
36	Web Application Technologies and Django	01:02:35	In this course, you'll explore the basic structure of a web application, and how a web browser interacts with a web server. You'll be introduced to the Hypertext Transfer Protocol (HTTP) request/response cycle, including GET/POST/Redirect. You'll also gain an introductory understanding of Hypertext Markup Language (HTML), as well as the overall structure of a Django application.  We will explore the Model-View-Controller (MVC) pattern for web applications and how it relates to Django.  You will learn how to deploy a Django application using a service like PythonAnywhere so that it is available over the Internet.   This is the first course in the Django for Everybody specialization. It is recommended that you complete the Python for Everybody specialization or an equivalent learning experience before beginning this series.	4.70	Intermediate	https://youtu.be/rHux0gMZ3Eg?si=EKNvmfJW61MYDoLl	\N	\N	2	f	0
157	Build Your Portfolio Website with HTML and CSS	11:05:09	This 1-hour long project will take you step by step to create a portfolio website. You will learn the basic components of a website, and how to create simple contents using HTML (hypertext markup language) and CSS (cascading style sheets), and how to host it on a popular developer website called GitHub with your own subdomain name!  By the end of the project, you will be hosting a website that you can use to showcase your work and your rsum to the world!	4.50	Beginner	https://www.youtube.com/playlist?list=PLnjYx96bVSpu1UzV0f-7LZCxRj2Bp8rK8	\N	\N	2	f	0
20	Class Creation in Object Oriented Python	00:11:00	Python is an Object Oriented Language. Object Oriented languages allow the developer to think in terms of real-world objects, such as people, cars, and animals for example. In the procedural realm, developers think in terms of functions (or procedures) and the data those functions act on. By using objects, the data can be combined with functionality  a person has eye color, an animal has behavior etc. This can lead to programs that are easier to understand, maintain, and reuse.  In this course, you will create a Python application in which you will create a class definition, create a constructor for the class, create object instances of the class, and sort a list of objects created from a file.  Note: This course works best for learners who are based in the North America region. Were currently working on providing the same experience in other regions.	4.50	Beginner	https://youtu.be/wfcWRAxRVBA?si=-nuBWsucdZjyZe_6	\N	\N	1	f	0
60	Abstraction, Problem Decomposition, and Functions	00:41:08	This course is the third course in the specialization exploring both computational thinking and beginning C programming. Rather than trying to define computational thinking, well just say its a problem-solving process that includes lots of different components. Most people have a better understanding of what beginning C programming means!  This course assumes you have the prerequisite knowledge from the previous two courses in the specialization. You should make sure you have that knowledge, either by taking those previous courses or from personal experience, before tackling this course. The required prerequisite knowledge is listed below.   Prerequisite computational thinking knowledge: Algorithms and procedures and data collection, analysis, and representation Prerequisite C knowledge: Data types, variables, constants; STEM computations; selection; and iteration (looping)  Throughout this course the computational thinking topics you'll explore are abstraction, which is deciding which details matter for the problem you're trying to solve, and problem decomposition, which is about breaking large problems into smaller sub-problems to handle complexity. For the programming topics, you'll continue building on your C knowledge by practicing using arrays, which let you store multiple values in a single variable, and strings, which are arrays of characters. You'll also learn how to implement functions, which are the mechanism we use for problem decomposition in our C programs.  Module 1: Learn about arrays as a way to store multiple values in a single variable Module 2: Discover how we store and process strings (arrays of characters) Module 3: Explore abstraction and problem decomposition Module 4: Use functions to implement problem decomposition in your code	4.60	Advanced	https://youtu.be/MjbuarJ7SE0?si=sLkPDbrjUJk68B_f	\N	\N	1	f	0
66	Concepts in Python: Loops, Functions and Returns	01:58:49	By the end of this project, you will create a number of examples that will develop your learning around concepts in Python. This course will enable you to take your beginner knowledge of Python to the next level by incorporating loops, functions, and returns into your programming. Thus, you will be able to develop more complex code and be able to solve more difficult problems. This course will provide students with the knowledge behind different concepts in Python such as loops, methods, and returns which will enable you to write high-quality code.  Thus, ensuring that your code is efficient and robust which is an essential aspect of writing high-quality code. This project will take students through a number of examples demonstrating the most useful Python concepts. You will gain an understanding of these concepts from the in-depth examples provided.	4.80	Beginner	https://www.youtube.com/live/4UuMrebbwIo?si=3ueUNI_fdUcn3gMh	\N	\N	1	f	0
99	Python Data Structures	12:30:49	Data structures play a crucial role in application development. The proper selection of data structures is important for efficient algorithm development. The availability of a list, for example, greatly simplifies sorting a collection of data items.  It would be difficult to do this without that data structure, as you will see. This is why Programming languages like Python have certain fundamental data structures built into the language.  In this course, you will create a Python application that reads from a file containing words and their definitions. You will use Pythons built-in data structures to make a multiple choice quiz based on words and their definitions.  Note: This course works best for learners who are based in the North America region. Were currently working on providing the same experience in other regions.	4.40	Beginner	https://youtu.be/pkYVOmU3MgA?si=ApyzoIUBHn-pOlCg	\N	\N	1	f	0
142	Approximation Algorithms	05:52:34	Many real-world algorithmic problems cannot be solved efficiently using traditional algorithmic tools, for example because the problems are NP-hard. The goal of this course is to become familiar with important algorithmic concepts and techniques needed to effectively deal with such problems. These techniques apply when we don't require the optimal solution to certain problems, but an approximation that is close to the optimal solution. We will see how to efficiently find such approximations.   Prerequisites: In order to successfully take this course, you should already have a basic knowledge of algorithms and mathematics. Here's a short list of what you are supposed to know: - O-notation, ?-notation, ?-notation; how to analyze algorithms - Basic calculus: manipulating summations, solving recurrences, working with logarithms, etc. - Basic probability theory: events, probability distributions, random variables, expected values etc. - Basic data structures: linked lists, stacks, queues, heaps - (Balanced) binary search trees - Basic sorting algorithms, for example MergeSort, InsertionSort, QuickSort - Graph terminology, representations of graphs (adjacency lists and adjacency matrix), basic graph algorithms (BFS, DFS, topological sort, shortest paths)  The material for this course is based on the course notes that can be found under the resources tab.  We will not cover everything from the course notes. The course notes are there both for students who did not fully understand the lectures as well as for students who would like to dive deeper into the topics.  The video lectures contain a few very minor mistakes. A list of these mistakes can be found under resources (in the document called "Errata"). If you think you found an error, report a problem by clicking the square flag at the bottom of the lecture or quiz where you found the error.	4.50	Intermediate	https://youtube.com/playlist?list=PLMDFPuH4ZxUFiTruqjoEG8NvpjBRvPulE&si=KLZcGLRiQfGYjP4M	\N	\N	1	f	0
159	Build a Data Science Web App with Streamlit and Python	12:48:28	Welcome to this hands-on project on building your first data science web app with the Streamlit library in Python. By the end of this project, you are going to be comfortable with using Python and Streamlit to build beautiful and interactive web apps with zero web development experience! We are going to load, explore, visualize and interact with data, and generate dashboards in less than 100 lines of Python code!  Prior experience with writing simple Python scripts and using pandas for data manipulation is recommended.  Note: This course works best for learners who are based in the North America region. Were currently working on providing the same experience in other regions.	4.60	Beginner	https://www.youtube.com/playlist?list=PLtqF5YXg7GLmCvTswG32NqQypOuYkPRUE	\N	\N	1	f	0
160	Testing and Debugging Python	05:24:40	If you have seen any of the news lately, it is not hard to imagine why software bugs cost the economy billions of dollars per year as well as costing lives. The ability to test your code (and others code) is probably one of the most important skills to know as a developer. Knowing how to track down and fix bugs is also critical.  Testing can mean adding print statements to output data at certain points in a program to visually check it. Testing can also involve developing separate programs to test the functionality of the code itself.    In this course, you will create a Python application that implements a new sorting algorithm. You will also create a test to sort the algorithm, and use debugging to find bugs in the code.  Note: This course works best for learners who are based in the North America region. Were currently working on providing the same experience in other regions.	4.40	Beginner	https://www.youtube.com/playlist?list=PLNlxfQ7JYooEdNrfacBAvZkF6S55sJA89	\N	\N	1	f	0
175	Simple Nearest Neighbors Regression and Classification	04:59:27	In this 2-hour long project-based course, we will explore the basic principles behind the K-Nearest Neighbors algorithm, as well as learn how to implement KNN for decision making in Python.   A simple, easy-to-implement supervised machine learning algorithm that can be used to solve both classification and regression problems is the k-nearest neighbors (KNN) algorithm. The fundamental principle is that you enter a known data set, add an unknown data point, and the algorithm will tell you which class corresponds to that unknown data point. The unknown is characterized by a straightforward neighborly vote, where the "winner" class is the class of near neighbors. It is most commonly used for predictive decision-making. For instance,:  Is a consumer going to default on a loan or not? Will the company make a profit? Should we extend into a certain sector of the market?  Note: This course works best for learners who are based in the North America region. Were currently working on providing the same experience in other regions.	5.00	Beginner	https://www.youtube.com/playlist?list=PLxCzCOWd7aiEXg5BV10k9THtjnS48yI-T	\N	\N	1	f	0
119	Basic Recommender Systems	00:08:17	This course introduces you to the leading approaches in recommender systems. The techniques described touch both collaborative and content-based approaches and include the most important algorithms used to provide recommendations. You'll learn how they work, how to use and how to evaluate them, pointing out benefits and limits of different recommender system alternatives.   After completing this course, you'll be able to describe the requirements and objectives of recommender systems based on different application domains. You'll know how to distinguish recommender systems according to their input data, their internal working mechanisms, and their goals. Youll have the tools to measure the quality of a recommender system and to incrementally improve it with the design of new algorithms. You'll learn as well how to design recommender systems tailored for new application domains, also considering surrounding social and ethical issues such as identity, privacy, and manipulation.  Providing affordable, personalised and high-quality recommendations is always a challenge! This course also leverages two important EIT Overarching Learning Outcomes (OLOs), related to creativity and innovation skills. In trying to design a new recommender system you need to think beyond boundaries and try to figure out how you can improve the quality of the predictions. You should also be able to use knowledge, ideas and technology to create new or significantly improved recommendation tools to support choice-making processes and strategies in different and innovative scenarios, for a better quality of life.	0.00	Beginner	https://youtu.be/n3RKsY2H-NE?si=xG9m8UUylQcp921h	\N	\N	5	f	0
154	AWS Fundamentals: Building Serverless Applications	02:50:32	This course will introduce you to Amazon Web Services (AWS) serverless architecture. Through demonstrations and hands-on exercises you'll learn skills in building and deploying serverless solutions.   Using real-world examples of a serverless website and chat bot, you'll build upon your existing knowledge of the AWS cloud to take advantage of the benefits of modern architectures for greater agility, innovation, and lower total cost of ownership across a range of AWS services, including AWS Lambda, Amazon API Gateway, Amazon DynamoDB, and Amazon Lex.  In this course, you'll have the option to complete hands-on exercises. We strongly suggest you take advantage of the AWS Free Tier to follow the lab exercises provided by throughout the course. Be aware that any services used outside of the free tier may result in you incurring charges through your AWS account. Class forums will also allow you to ask questions and interact with AWS training instructors. After completing this course, you'll have the knowledge and skills to build serverless solutions on AWS.   This course has been developed by AWS, and is delivered by AWS technical instructors who teach cloud computing courses around the globe.	4.70	Beginner	https://www.youtube.com/playlist?list=PLX68muOx_pEpL60x9ByX3HJx-kym0F098	\N	\N	5	f	0
179	Analysis of Algorithms	08:32:08	This course teaches a calculus that enables precise quantitative predictions of large combinatorial structures. In addition, this course covers generating functions and real asymptotics and then introduces the symbolic method in the context of applications in the analysis of algorithms and basic structures such as permutations, trees, strings, words, and mappings.  All the features of this course are available for free.  It does not offer a certificate upon completion.	4.60	Intermediate	https://www.youtube.com/playlist?list=PLCZPUiJ5kQaHQG9LN3WjxxUmCOKV_heOF	\N	\N	5	f	0
69	Create a Python Application using MySQL	03:41:41	Data plays a crucial role in application development. It plays such a crucial role that there are people called Database Administrators that specialize in just organizing the data. The traditional database used to be, and often still is, a relational database. MySQL is one of the most popular relational databases and is backed by the Oracle corporation as well. This provides the developer with a variety of online resources. The popularity of MySQL combined with the popularity of Python has resulted in the development of an API that makes the interface between Python and MySQL almost seamless.  In this course, you will create a Python application using Pythons MySQL Connector that creates a MySQL database containing words and their definitions. You will then retrieve words and definitions from the database table, update a definition in the database table, and display a selected words definition.  Note: This course works best for learners who are based in the North America region. Were currently working on providing the same experience in other regions.	4.40	Beginner	https://youtu.be/3vsC05rxZ8c?si=F_2-7LQsKnpWDShI	\N	\N	6	f	0
72	Create Fault Tolerant MongoDB Cluster	02:05:17	In this course, you will create a MongoDB replica set on a single Linux server to become familiar with the setup. There will be three servers, one primary server and two secondary servers. You will then populate the database collection from a csv file using the Mongo shell. You will then retrieve data from the collection to verify the data. Finally, one of the servers will be taken down and you will observe that the data is still available through a new primary server.  Database Replication is an important aspect of Data Management. By keeping copies of a database on multiple servers, it allows continuous access to data when a database server goes down. Each replica database server should be kept on a separate physical server. This ensures that if one entire physical server become unavailable for some reason, the other database servers can still be accessed. MongoDB includes the means to handle replica in a straight-forward manner. There is one primary database server through which an application may connect to the database. Any time a write occurs to the primary server, the secondary servers are updated with the new data. When the primary server goes down, one of the secondary servers takes over as the primary server. There is a minimum of three servers required for a replica set.  Note: This course works best for learners who are based in the North America region. Were currently working on providing the same experience in other regions.	5.00	Beginner	https://youtu.be/gChzfhVGqp8?si=Ss4lCApGuWJF19qz	\N	\N	6	f	0
169	Computational Social Science Capstone Project	13:24:53	CONGRATULATIONS! Not only did you accomplish to finish our intellectual tour de force, but, by now, you also already have all required skills to execute a comprehensive multi-method workflow of computational social science. We will put these skills to work in this final integrative lab, where we are bringing it all together. We scrape data from a social media site (drawing on the skills obtained in the 1st course of this specialization). We then analyze the collected data by visualizing the resulting networks (building on the skills obtained in the 3rd course). We analyze some key aspects of it in depth, using machine learning powered natural language processing (putting to work the insights obtained during the 2nd course). Finally, we use a computer simulation model to explore possible generative mechanism and scrutinize aspects that we did not find in our empirical reality, but that help us to improve this aspect of society (drawing on the skills obtained during the 4th course of this specialization). The result is the first glimpse at a new way of doing social science in a digital age: computational social science. Congratulations! Having done all of this yourself, you can consider yourself a fledgling computational social scientist!	4.90	Beginner	https://www.youtube.com/playlist?list=PLeo1K3hjS3utcb9nKtanhcn8jd2E0Hp9b	\N	\N	6	f	0
49	Software Design Threats and Mitigations	00:08:04	The design step in developing software has some unique characteristics.  First of all, its the only step where drawing pictures of things is the norm.  Why is that?  What do pictures do that other representations cannot do?  Pictures have varying levels of detail; pictures have context.  Picturespaint a picture.  Why are these things important?  In this course, too, we begin looking at other disciplines (building architecture is a favorite one) for lessons on design.	4.80	Advanced	https://youtu.be/4oPDSjUEKIU?si=xsA073eMRKZUA3yF	\N	\N	7	f	0
141	Design Thinking and Predictive Analytics for Data Products	00:11:18	This is the second course in the four-course specialization Python Data Products for Predictive Analytics, building on the data processing covered in Course 1 and introducing the basics of designing predictive models in Python. In this course, you will understand the fundamental concepts of statistical learning and learn various methods of building predictive models. At each step in the specialization, you will gain hands-on experience in data manipulation and building your skills, eventually culminating in a capstone project encompassing all the concepts taught in the specialization.	4.30	Intermediate	https://youtu.be/CQJ_HbFHBsY?si=nOoyKq2eBagdlPR0	\N	\N	1	f	0
55	Using Git for Distributed Development	00:15:58	Course 4 focuses on using git for open source software distributed development. Git is a revision control system which arose out of the Linux kernel development community. Git was designed to help developers spread across the globe working on complicated projects coordinate their work in a rational way and keep track of everything they were doing. Overtime, Git has grown to be used by millions of projects today. This course gives you the opportunity to learn how to use git efficiently and make contributions in a relatively short amount of time. It will cover:  How to install git How to initialize a repository How to make changes in a repository How to make changes in repositories available to others How to acquire changes made by other individuals How to find errors in your work and go back to earlier states of yoru projects How to make commits, diffs, merges, rebases.  The course will help you get the skills to have a good understanding on how to use git. You will have a good knowledge about git workflows, identifying problems in your workflows, and finding solutions to solve these problems.	4.60	Advanced	https://youtu.be/USjZcfj8yxE?si=xRsnl904mKZGt0Km	\N	\N	7	f	0
176	System Administration and IT Infrastructure Services	04:58:11	This course will transition you from working on a single computer to an entire fleet. Systems administration is the field of IT thats responsible for maintaining reliable computers systems in a multi-user environment. In this course, youll learn about the infrastructure services that keep all organizations, big and small, up and running. Well deep dive on cloud so that youll understand everything from typical cloud infrastructure setups to how to manage cloud resources. You'll also learn how to manage and configure servers and how to use industry tools to manage computers, user information, and user productivity. Finally, youll learn how to recover your organizations IT infrastructure in the event of a disaster.  By the end of this course youll be able to: ? utilize best practices for choosing hardware, vendors, and services for your organization ? understand how the most common infrastructure services that keep an organization running work, and how to manage infrastructure servers ? understand how to make the most of the cloud for your organization ? manage an organizations computers and users using the directory services, Active Directory, and OpenLDAP ? choose and manage the tools that your organization will use ? backup your organizations data and know how to recover your IT infrastructure in the case of a disaster ? utilize systems administration knowledge to plan and improve processes for IT environments	4.70	Intermediate	https://www.youtube.com/playlist?list=PLTZYG7bZ1u6ojo_vSOfdrYFf7N1OrWvhg	\N	\N	7	f	0
178	AWS Fundamentals: Migrating to the Cloud	07:56:20	This four week course focuses on migrating workloads to AWS.  We will focus on analyzing your current environment,planning your migration,AWS services that are commonly used during your migration,and the actual migration steps.   Hands-on labs are available, though not required for this class.  Access to the labs is limited to paid enrolled students.  You can audit this  course without taking the labs.  As we dive into each of the services covered in this class, there will be links to documentation where you can find example applications and code samples.  If you are new to AWS, we strongly suggest that you take AWS Fundamentals: Going Cloud Native (https://www.coursera.org/learn/aws-fundamentals-going-cloud-native) course available on Coursera to provide an introduction to AWS concepts and services.	4.50	Intermediate	https://www.youtube.com/playlist?list=PLJZLxa-J0VZSEVmKS8HQQoi09yB6IHigK	\N	\N	7	f	0
98	Geo-Visualization in Python	00:28:13	In this 1-hour long project-based course, you will learn geo-visualization and use it to plot useful maps for your data science projects. By the end of this project, you will have created and visualized geographical plots.  In order to be successful in this project, you should just know the basics of Python.	4.10	Beginner	https://youtu.be/G3UomcjQXkk?si=iFUzmxzNxXt6f_Pb	\N	\N	1	f	0
181	Distributed Programming in Java	03:54:08	This course teaches learners (industry professionals and students) the fundamental concepts of Distributed Programming in the context of Java 8.  Distributed programming enables developers to use multiple nodes in a data center to increase throughput and/or reduce latency of selected applications.  By the end of this course, you will learn how to use popular distributed programming frameworks for Java programs, including Hadoop, Spark, Sockets, Remote Method Invocation (RMI), Multicast Sockets, Kafka, Message Passing Interface (MPI), as well as different approaches to combine distribution with multithreading.  Why take this course?  \\\\tAll data center servers are organized as collections of distributed servers, and it is important for you to also learn how to use multiple servers for increased bandwidth and reduced latency. \\\\tIn addition to learning specific frameworks for distributed programming, this course will teach you how to integrate multicore and distributed parallelism in a unified approach. \\\\tEach of the four modules in the course includes an assigned mini-project that will provide you with the necessary hands-on experience to use the concepts learned in the course on your own, after the course ends. \\\\tDuring the course, you will have online access to the instructor and the mentors to get individualized answers to your questions posted on forums.  The desired learning outcomes of this course are as follows:  \\\\tDistributed map-reduce programming in Java using the Hadoop and Spark frameworks \\\\tClient-server programming using Java's Socket and Remote Method Invocation (RMI) interfaces \\\\tMessage-passing programming in Java using the Message Passing Interface (MPI) \\\\tApproaches to combine distribution with multithreading, including processes and threads, distributed actors, and reactive programming  Mastery of these concepts will enable you to immediately apply them in the context of distributed Java programs, and will also provide the foundation for mastering other distributed programming frameworks that you may encounter in the future  (e.g., in Scala or C++).	4.50	Intermediate	https://www.youtube.com/playlist?list=PLYHfSRLkACQMPZ0KoDdslvqvDW45Xn5B_	\N	\N	3	f	0
76	C++ Arrays and Loops	00:11:43	In this project you will read weather data from a file and populate an Array with the file data. The data is then sorted in an Array, and output to another file.  Loops are used in a C++ program whenever a sequence of code must be repeated. A common use for a while loop is to read data from a file, where the file is of unknown length. A for loop, on the other hand is often used when the repeat count of a code sequence is known. A common use of a for loop is to iterate through an array. An Array is a list of items of a fixed size where each entry is the same type of data. The array could contain numbers, Strings of characters, or a user-defined data type.  Note: This course works best for learners who are based in the North America region. Were currently working on providing the same experience in other regions.	0.00	Intermediate	https://youtu.be/FaZfCuNpdg8?si=xRgd3E3Cl6zTEz62	\N	\N	4	f	0
78	Java Decision Programming	00:01:37	In Java, as in other programming languages, a decision construct is used to control the sequence of instructions that are executed under certain conditions. It allows the programmer the power to take certain actions based on various input conditions.  In this project you will create an application that yields a zodiac sign based on an input of birth month and day.  Note: This course works best for learners who are based in the North America region. Were currently working on providing the same experience in other regions.	4.90	Beginner	https://youtu.be/YdWRhNcxd0U?si=cbfnJ6MQF9acWIWa	\N	\N	4	f	0
82	Build a Guessing Game Application using Java	00:14:33	In this project you will create a guessing game application that pits the computer against the user. You will create variables, static methods, decision constructs, and loops in Java to create the game.  Learning Java gives the programmer a wide variety of career paths to choose from. Java was once the property of Sun Microsystems but is now an open-source (free) programming language that is used in web programming, mobile applications, and many desktop applications. Java is a natural choice for object-oriented programming as it contains many existing classes for the programmer to use from its feature-rich API. In addition, Java is truly cross-platform, which means it can be compiled on a Windows system and executed on a Mac or Linux system. Java contains a built-in garbage collector that removes objects no longer needed in the application which reduces memory leak issues.  Note: This course works best for learners who are based in the North America region. Were currently working on providing the same experience in other regions.	4.30	Beginner	https://youtu.be/j_ax_yT7KW0?si=7oJvgVBEYbGTZff5	\N	\N	4	f	0
135	C++ Classes and Objects	07:16:26	In this project you will create an application that defines a Car class and create one to many Car objects using C++.  Object Oriented programming is advantageous because it allows the programmer to think in terms of the way people think of the real world, in terms of Objects like employees, airplanes, and homes for example. In procedural programming, the programmer tends to think more in terms of procedures or functions. In Object-Oriented Programming in a language such as C++, Classes and Objects are often used interchangeably but there is a distinction between the two. A class is a blueprint for objects. An automobile may come in many different makes, colors, and models, but each car object has those same attributes. A Car class then contains the common attributes all cars have; color, make and model. When an Object of a Car is made from the Car class, it is then assigned a specific color, such as a red Nissan Sentra or a blue Toyota Camry.  Note: This course works best for learners who are based in the North America region. Were currently working on providing the same experience in other regions.	0.00	Intermediate	https://youtube.com/playlist?list=PL43pGnjiVwgTJg7uz8KUGdXRdGKE0W_jN&si=pYqMecOtk6PvxmPC	\N	\N	4	f	0
148	Build an App in Android Studio using onTouch	05:37:29	In this project you will build an Android app that that uses onTouch functionality to show certain information when a user clicks (Action Down) on an image, and then have the information change when the user releases (Action Up). The app also creates text files in internal storage when needed, will write to those files, and will read from those files.  The app will interact with text files, images, strings, and a string array that are saved as resources in the project (can be accessed by reference throughout the app). This app will have a piece of text (from the strings file) asking the user to select the name of an author from a spinner (a type of drop down menu where the user selects from a set of options - from the strings file). There will be an image (ImageView) below the spinner which will change (from the drawable directory) to match whichever author the user selects. Beneath this will be a piece of text (TextView) with the name of a book and the year it was published (from the strings file) which will change to match the selected author. There will be another piece of text (TextView) which will contain an appropriate quote (read from the appropriate text file in a raw directory) from the named book  Below this quote will be two buttons, one with "Read Review" on it, and the second with "Submit Review" on it.  When the user clicks the "Read Review" button a TextView will appear containing a the previously submitted review (if one exists). The user will also be given the option to "Submit Review" whiich when clicked gives access to an imput box (EditText) into which a review can be typed.  When a "Submit" button is then clicked this review is written to a text file in internal storage (not resources) to a review file for that author.  If the file does not exist then the app will create the file first, then write the review to it. When the user closes the app the program will remember the final choice made by the user in their previous visit. When launched the app will also read all information in the review files in internal storage and bring the reviews into the app for use. You will upload an APK of the app to a website called Appetize.io to test the app.  Projects in Series 1: 1. Build a Simple App in Android Studio with Java 2. Build a Persistent Storage App in Android Studio 3. Build a Linear Layout App in Android Studio 4. Build a Relative Layout App in Android Studio 5. Build a Table Layout App in Android Studio  Projects in Series 2: 1. Build an App in Android Studio using Resources 2. Build an App in Android Studio using Static Files 3. Build an App in Android Studio using Read - Write 4. Build an App in Android Studio using onTouch 5. Build an App in Android Studio using Activities	4.50	Beginner	https://www.youtube.com/playlist?list=PLBcjj47fhbjV-mybrvy0Do0nZECzi46ry	\N	\N	4	f	0
173	Build an App in Android Studio using Activities	20:08:10	In this project you will create an Android app that that uses four activities . You will begin with an Android Studio project that has an ActivityMain.java file (with nothing added to it) and an activity_main.xml file (with nothing added to it).  You will create three new activities in this project, onTouch (onTouch.java & activity_on_touch.xml), ReadReview (ReadReview.java & activity_read_review.xml), and WriteReview (WriteReview.java & activity_write_review.xml). You will have access to all of the relevant content (code and comments) needed for those files in text files so that you can copy and paste into the appropriate java and xml files in the project.  You will make adjustments to the AndroidManifest.xml file in the project which will allow your app to switch between activities when instructed to do so by the actions of the user. Once we have created our activities, inserted all of the relevant code to our java and xml files, and updated our Manifest file, we will build an APK of your app. You will then upload the APK of the app to a website called Appetize.io where you will test the app.  Projects in Series 1: 1. Build a Simple App in Android Studio with Java 2. Build a Persistent Storage App in Android Studio 3. Build a Linear Layout App in Android Studio 4. Build a Relative Layout App in Android Studio 5. Build a Table Layout App in Android Studio  Projects in Series 2: 1. Build an App in Android Studio using Resources 2. Build an App in Android Studio using Static Files 3. Build an App in Android Studio using Read - Write 4. Build an App in Android Studio using onTouch 5. Build an App in Android Studio using Activities	4.40	Beginner	https://www.youtube.com/playlist?list=PLUhfM8afLE_OFEGWaRmQFGizcjJyr_89j	\N	\N	4	f	0
4	Introduction to the Internet of Things and Embedded Systems	00:06:00	The explosive growth of the Internet of Things is changing our world and the rapid drop in price for typical IoT components is allowing people to innovate new designs and products at home. In this first class in the specialization you will learn the importance of IoT in society, the current components of typical IoT devices and trends for the future. IoT design considerations, constraints and interfacing between the physical world and your device will also be covered. You will also learn how to make design trade-offs between hardware and software. We'll also cover key components of networking to ensure that students understand how to connect their device to the Internet. Please note that this course does not include discussion forums.  Upon completing this course, you will be able to: 1.       Define the term Internet of Things 2.       State the technological trends which have led to IoT 3.       Describe the impact of IoT on society 4.       Define what an embedded system is in terms of its interface 5.       Enumerate and describe the components of an embedded system 6.       Describe the interactions of embedded systems with the physical world 7.       Name the core hardware components most commonly used in IoT devices 8.       Describe the interaction between software and hardware in an IoT device 9.       Describe the role of an operating system to support software in an IoT device 10.     Explain the use of networking and basic networking hardware 11.     Describe the structure of the Internet 12.     Describe the meaning of a network protocol 13.     Explain MANETs and their relation to IoT	4.60	Beginner	https://youtu.be/6mBO2vqLv38?si=J0mQFOjk3mq-QlH2	\N	\N	8	f	0
79	Interactive Computer Graphics	00:13:02	Computer graphics can be a powerful tool for supporting visual problem solving, and interactivity plays a central role in harnessing the users' creativity. This course will introduce various interactive tools developed in computer graphics research field with their design rationales and algorithms. Examples include enhancements to graphical user interfaces, authoring tools for 2D drawings and 3D animations, and interactive computer-aided design systems. Rich live demonstrations and course assignments will give you insights and skills to design and implement such tools for your own problems.	4.30	Advanced	https://youtu.be/UVCuWQV_-Es?si=WKkH9dVu_2c0KaXk	\N	\N	8	f	0
112	Java Built in Data Structures	01:39:49	In this project you will read weather data from a file and populate a Java ArrayList with the file data. The data is then uniquified in a Set data structure and stored in a HashMap for accessing data by year.  Java's collections framework contains data structures that are built for efficiency. They are used to store and retrieve data in various formats. A list such as an ArrayList can be used in place of an array to contain data where the size cannot be determined ahead of time. A LinkeList is like an ArrayList, except elements can be more quickly added and deleted from it, since no shifting needs to occur. A Hashmap is used to quickly look up a value based on a key rather than a numerical index, for example, to look up a phone number based on a key containing a person's name. A Set may be used to remove duplicates from a list, simply by assigning the data to it.  Note: This course works best for learners who are based in the North America region. Were currently working on providing the same experience in other regions.	0.00	Beginner	https://youtu.be/8MmMm2-kJV8?si=BuMpkbnnUGoomwMS	\N	\N	8	f	0
126	Introduction to Trading, Machine Learning & GCP	04:01:45	In this course, youll learn about the fundamentals of trading, including the concept of trend, returns, stop-loss, and volatility. You will learn how to identify the profit source and structure of basic quantitative trading strategies. This course will help you gauge how well the model generalizes its learning, explain the differences between regression and forecasting, and identify the steps needed to create development and implementation backtesters. By the end of the course, you will be able to use Google Cloud Platform to build basic machine learning models in Jupyter Notebooks.   To be successful in this course, you should have Advanced competency in Python programming and familiarity with pertinent libraries for machine learning, such as Scikit-Learn, StatsModels, and Pandas. Experience with SQL is recommended. You should have a background in statistics (expected values and standard deviation, Gaussian distributions, higher moments, probability, linear regressions) and foundational knowledge of financial markets (equities, bonds, derivatives, market structure, hedging).	3.40	Intermediate	https://youtube.com/playlist?list=PL4vNbSaGAAJ6OMDmm-yCOxS4Y-ZF-Kxvr&si=wkaIi67i29D9MDZ_	\N	\N	1	f	0
100	JavaScript Numbers: Properties and Methods	00:29:05	In this beginning-level project you will work with the number data type, and with properties and methods that apply to numbers. You will use Notepad++ to write JavaScript code and the Chrome browser to view your results. For a JavaScript programmer, understanding how to deal with variables that contain numbers is a prerequisite for any kind of number processing  even something as simple as accepting a number from a prompt() method and using it in a calculation.  Note: This course works best for learners who are based in the North America region. Were currently working on providing the same experience in other regions.	5.00	Beginner	https://youtu.be/WdiD3ZyMq34?si=t_siqAIm80Ppjvzz	\N	\N	2	f	0
189	Advanced Deployment Scenarios with TensorFlow	22:36:32	Bringing a machine learning model into the real world involves a lot more than just modeling. This Specialization will teach you how to navigate various deployment scenarios and use data more effectively to train your model.  In this final course, youll explore four different scenarios youll encounter when deploying models. Youll be introduced to TensorFlow Serving, a technology that lets you do inference over the web. Youll move on to TensorFlow Hub, a repository of models that you can use for transfer learning. Then youll use TensorBoard to evaluate and understand how your models work, as well as share your model metadata with others. Finally, youll explore federated learning and how you can retrain deployed models with user data while maintaining data privacy.  This Specialization builds upon our TensorFlow in Practice Specialization. If you are new to TensorFlow, we recommend that you take the TensorFlow in Practice Specialization first. To develop a deeper, foundational understanding of how neural networks work, we recommend that you take the Deep Learning Specialization.	4.60	Beginner	https://www.youtube.com/playlist?list=PL2EBNWEnwV2fdy8_o3VIRok-UfYPS8qKa	\N	\N	1	f	0
90	Building Scalable Java Microservices with Spring Boot and Spring Cloud	01:24:32	"Microservices" describes a software design pattern in which an application is a collection of loosely coupled services. These services are fine-grained, and can be individually maintained and scaled. The microservices architecture is ideal for the public cloud, with its focus on elastic scaling with on-demand resources. In this course, you will learn how to build Java applications using Spring Boot and Spring Cloud on Google Cloud Platform.   You'll use Cloud Runtime Configuration and Spring Cloud Config to manage your application's configuration. You'll send and receive messages with Cloud Pub/Sub and Spring Integration. You'll also use Cloud SQL as a managed relational database for your Java applications, and learn how to migrate to Cloud Spanner, which is Google Cloud's globally-distributed strongly consistent database service. You'll also learn about tracing and debugging your Spring applications with Stackdriver.  To succeed in this course, you should be familiar with the Java programming language and building Java applications with tools such as Maven or Gradle. You should also have general knowledge of Google Cloud Platform  >>> By enrolling in this course you agree to the Qwiklabs Terms of Service as set out in the FAQ and located at: https://qwiklabs.com/terms_of_service <<<	3.90	Beginner	https://youtu.be/T2rBkbT50TE?si=L6V3UOnG4M9QeeLA	\N	\N	2	f	0
188	Mastering Programming with MATLAB	14:17:01	The course builds on the foundation laid by the first course of the Specialization called Introduction to Programming with MATLAB. It covers more Advanced programming concepts such as recursion, vectorization, function handles, algorithm efficiency and others. At the same time, it presents many features that make MATLAB a powerful programming environment for engineering and scientific computing, such as  its support for object oriented programming, the new user interface design environment and Live Scripts.  By the end of this course, you will be familiar with more Advanced computer programming concepts, able to write more efficient code, and able to create object oriented MATLAB applications with graphical user interfaces.	4.90	Intermediate	https://www.youtube.com/playlist?list=PLvHpO1fOKoQmdfYHJKRoAvlnFPslv8CFC	\N	\N	5	f	0
110	Genomic Data Science Capstone	00:02:50	In this culminating project, you will deploy the tools and techniques that you've mastered over the course of the specialization. You'll work with a real data set to perform analyses and prepare a report of your findings.	4.50	Advanced	https://youtu.be/NQNxs8VTXQU?si=TLIXDZLo6-wzxlTq	\N	\N	8	f	0
149	Genomic Data Science with Galaxy	01:13:47	Learn to use the tools that are available from the Galaxy Project. This is the second course in the Genomic Big Data Science Specialization.	3.20	Beginner	https://www.youtube.com/playlist?list=PLzgm426KgvriINOUpgrBjTZXHIDZXOOz0	\N	\N	8	f	0
91	Java Arrays and Loops	00:12:17	In this project you will read weather data from a file and populate an Array with the file data. The data is then sorted in an Array, and output to another file.  Loops are used in a Java program whenever a sequence of code must be repeated. A common use for a while loop is to read data from a file, where the file is of unknown length. A for loop, on the other hand is often used when the repeat count of a code sequence is known. A common use of a for loop is to iterate through an array. An Array is a list of items of a fixed size where each entry is the same type of data. The array could contain numbers, Strings of characters, or a user-defined data type.  Note: This course works best for learners who are based in the North America region. Were currently working on providing the same experience in other regions.	0.00	Intermediate	https://youtu.be/1KTArjYPMEo?si=OD_VOtdUKY7qRGtR	\N	\N	4	f	0
204	Google Cloud Platform Fundamentals: Core Infrastructure	00:17:41	This course introduces you to important concepts and terminology for working with Google Cloud Platform (GCP). You learn about, and compare, many of the computing and storage services available in Google Cloud Platform, including Google App Engine, Google Compute Engine, Google Kubernetes Engine, Google Cloud Storage, Google Cloud SQL, and BigQuery. You learn about important resource and policy management tools, such as the Google Cloud Resource Manager hierarchy and Google Cloud Identity and Access Management. Hands-on labs give you foundational skills for working with GCP.  Note: Google services are currently unavailable in China.  New! CERTIFICATE COMPLETION CHALLENGE to unlock benefits from Coursera and Google Cloud Enroll and complete Cloud Engineering with Google Cloud or Cloud Architecture with Google Cloud Professional Certificate  or Data Engineering with Google Cloud Professional Certificate before November 8, 2020 to receive the following benefits;   => Google Cloud t-shirt, for the first 1,000 eligible learners to complete. While supplies last. > Exclusive access to Big => Interview ($950 value) and career coaching  => 30 days free access to Qwiklabs ($50 value) to earn Google Cloud recognized skill badges by completing challenge quests	4.70	Intermediate	https://www.youtube.com/playlist?list=PLVext98k2evjIFqVggHfvecnFu4tTJK_o	\N	\N	5	f	0
101	Internet of Things V2: Setting up and Using Cloud Services	00:18:42	Have you wondered what exactly AWS is and why is it important?  Do you want to make informed design decisions about which services to use? Do you want to gain expertise to leverage the cloud for your own projects? In this course, you will learn to interface with the AWS cloud. You will then develop software to send data to and receive data from the cloud. Along the way, youll learn how to structure your project with a variety of these difference services.  Learning Goals:  After completing this course, you will be able to:  1) Understand what the cloud is and how it works. 2) Install and configure the AWS CLI and SDK on a Linux system. 3) Use various AWS services such as EC2, IoT, and many more. 4) Build projects that heavily leverage the cloud. 5) Integrate the cloud into embedded systems.	4.70	Advanced	https://youtu.be/hHvMan9HWYI?si=cUNsQVryO6KWvy2F	\N	\N	8	f	0
205	Digital Systems: From Logic Gates to Processors	00:55:47	This course gives you a complete insight into the modern design of digital systems fundamentals from an eminently practical point of view. Unlike other more "classic" digital circuits courses, our interest focuses more on the system than on the electronics that support it. This approach will allow us to lay the foundation for the design of complex digital systems.  You will learn a set of design methodologies and will use a set of (educational-oriented) computer-aided-design tools (CAD) that will allow you not only to design small and medium size circuits, but also to access to higher level courses covering so exciting topics as application specific integrated circuits (ASICs) design or computer architecture, to give just two examples.  Course topics are complemented with the design of a simple processor, introduced as a transversal example of a complex digital system. This example will let you understand and feel comfortable with some fundamental computer architecture terms as the instruction set, microprograms and microinstructions.  After completing this course you will be able to:     * Design medium complexity digital systems.    * Understand the description of digital systems using high-level languages such as VHDL.    * Understand how computers operate at their most basic level (machine language).	4.40	Intermediate	https://www.youtube.com/playlist?list=PLfrxgJ1VNq1h7qMSiQlDQuvFwOptK5EBc	\N	\N	6	f	0
16	Software Design as an Abstraction	00:06:00	The design step in developing software has some unique characteristics.  First of all, its the only step where drawing pictures of things is the norm.  Why is that?  What do pictures do that other representations cannot do?  Pictures have varying levels of detail; pictures have context.  Picturespaint a picture.  Why are these things important?  In this course, too, we begin looking at other disciplines (building architecture is a favorite one) for lessons on design.	4.80	Advanced	https://youtu.be/OF55HZPE7lQ?si=czYNihX4ClH530U4	\N	\N	2	f	0
40	Computer Vision: Neural Transfer Style & Green Screen Effect	00:01:11	In this 1-hour long project-based course, you will learn how to do Computer Vision on images and videos with OpenCV and Python using Jupyter Notebook. You will understand how Neural Transfer Style works and you'll use it on images and on videos. Finally, you'll learn how to use the Green Screen Effect on your images.  This course runs on Coursera's hands-on project platform called Rhyme. On Rhyme, you do projects in a hands-on manner in your browser. You will get instant access to pre-configured cloud desktops containing all of the software and data you need for the project. Everything is already set up directly in your Internet browser so you can just focus on learning. For this project, youll get instant access to a cloud desktop with Python, Jupyter, and OpenCV pre-installed.  Prerequisites: In order to be successful in this project, you should have an intermediate knowledge of Python and OpenCV.   Notes: -  You will be able to access the cloud desktop 5 times. However, you will be able to access instructions videos as many times as you want. - This course works best for learners who are based in the North America region. Were currently working on providing the same experience in other regions.	4.20	Beginner	https://youtu.be/DRpydtvjGdE?si=zQWF_8SukcBpQro-	\N	\N	1	f	0
194	Software Defined Networking	06:10:14	In this course, you will learn about software defined networking and how it is changing the way communications networks are managed, maintained, and secured.	4.60	Advanced	https://www.youtube.com/playlist?list=PLLlr6jKKdyK1IdAI2mjlwY304unnncO5Z	\N	\N	3	f	0
94	Probability and Statistics: To p or not to p?	00:03:59	We live in an uncertain and complex world, yet we continually have to make decisions in the present with uncertain future outcomes.  Indeed, we should be on the look-out for "black swans" - low-probability high-impact events.  To study, or not to study?  To invest, or not to invest?  To marry, or not to marry?  While uncertainty makes decision-making difficult, it does at least make life exciting!  If the entire future was known in advance, there would never be an element of surprise.  Whether a good future or a bad future, it would be a known future.  In this course we consider many useful tools to deal with uncertainty and help us to make informed (and hence better) decisions - essential skills for a lifetime of good decision-making.  Key topics include quantifying uncertainty with probability, descriptive statistics, point and interval estimation of means and proportions, the basics of hypothesis testing, and a selection of multivariate applications of key terms and concepts seen throughout the course.	4.60	Beginner	https://youtu.be/II1u1_zjxYg?si=KMmcjzAuDs9Y7b46	\N	\N	3	f	0
93	Java Classes and Objects	00:11:35	In Object-Oriented Programming in a language such as Java, Classes and Objects are often used interchangeably but there is a distinction between the two. A class is a blueprint for objects.   In this project you will create an application that defines a Car class and create one to many Car objects. A Car class contains the common attributes all cars have; color, make and model. When a Car Object is made from the Car class, it is then assigned a specific color, such as a red Nissan Sentra or a blue Toyota Camry.    Note: This course works best for learners who are based in the North America region. Were currently working on providing the same experience in other regions.	4.70	Beginner	https://youtu.be/IUqKuGNasdM?si=ZXhw4tzL52wET6tE	\N	\N	4	f	0
92	Exploratory Data Analysis	00:08:19	In this 1-hour long project-based course, you will learn exploratory data analysis techniques and create visual methods to analyze trends, patterns, and relationships in the data. By the end of this project, you will have applied EDA on a real-world dataset.  This class is for learners who want to use Python for applying data visualization and data analysis, and for learners who are currently taking a basic machine learning course or have already finished a machine learning course and are searching for a practical data visualization and analysis project course. Also, this project provides learners with basic knowledge about exploratory analysis and improves their skills in creating maps which helps them in fulfilling their career goals by adding this project to their portfolios.	4.30	Beginner	https://youtu.be/a4KiExvYJKo?si=NYxBkS99LsfwZbDR	\N	\N	1	f	0
95	The Bits and Bytes of Computer Networking	05:22:56	This course is designed to provide a full overview of computer networking. Well cover everything from the fundamentals of modern networking technologies and protocols to an overview of the cloud to practical applications and network troubleshooting.   By the end of this course, youll be able to: ? describe computer networks in terms of a five-layer model ? understand all of the standard protocols involved with TCP/IP communications ? grasp powerful network troubleshooting tools and techniques ? learn network services like DNS and DHCP that help make computer networks run ? understand cloud computing, everything as a service, and cloud storage	4.70	Intermediate	https://youtu.be/6StTCrZrihE?si=_VGQApRPdfCYVbjv	\N	\N	3	f	0
105	Logistic Regression with NumPy and Python	00:14:03	Welcome to this project-based course on Logistic with NumPy and Python. In this project, you will do all the machine learning without using any of the popular machine learning libraries such as scikit-learn and statsmodels. The aim of this project and is to implement all the machinery, including gradient descent, cost function, and logistic regression, of the various learning algorithms yourself, so you have a deeper understanding of the fundamentals. By the time you complete this project, you will be able to build a logistic regression model using Python and NumPy, conduct basic exploratory data analysis, and implement gradient descent from scratch. The prerequisites for this project are prior programming experience in Python and a basic understanding of machine learning theory.  This course runs on Coursera's hands-on project platform called Rhyme. On Rhyme, you do projects in a hands-on manner in your browser. You will get instant access to pre-configured cloud desktops containing all of the software and data you need for the project. Everything is already set up directly in your internet browser so you can just focus on learning. For this project, youll get instant access to a cloud desktop with Python, Jupyter, NumPy, and Seaborn pre-installed.	4.50	Beginner	https://youtu.be/YYEJ_GUguHw?si=QhIjeDVZWBUvoR77	\N	\N	1	f	0
106	Create a Boggle Word Solver using recursion in Python	00:18:34	In this 1-hour long project-based course, you will have created a Boggle Word Solver in Python by defining various functions that load a 4x4 game board based on input, recursively searches in all allowed directions for plausible words using Depth First Traversal, and then prints out the valid words based on length constraints and by cross-checking whether the word exists in the stored dictionary. You will also learn to store the dictionary in a trie data structure which makes for more efficient lookups.   This guided project is aimed at learners who are wanting to  learn or practice recursion and graph traversal concepts in Python by developing a fun game. Understanding DFS and recursion is essential and will greatly expand your programming potential as they are used at the base of various algorithms. Implementing a prefix tree will also help you understand a new efficient data structure.  Note: This course works best for learners who are based in the North America region. Were currently working on providing the same experience in other regions.	4.20	Beginner	https://youtu.be/FFQ-nbul6VY?si=NJF-PtYRkx510J8f	\N	\N	1	f	0
107	Intermediate Intel Distribution of OpenVINO toolkit for Deep Learning Applications	00:07:31	This course is designed for application developers who wants to deploy computer vision inference workloads using the Intel Distribution of OpenVINOTM toolkit. The course looks at computer vision neural network models from a variety of popular machine learning frameworks and covers writing a portable application capable of deploying inference on a range of compute devices.   The course is targeted for application developers, and places focus on examples and discussion of the development workflow. As such, the discussions include not only the details about how to use the toolkit itself, but topics like how to take benchmarks to compare compute devices or what to do when you encounter issues. The course is made so that it serves as a how-to guide for developing a computer vision inference deployment with the toolkit. By the end of the course, students will have the skillset necessary to deploy their own computer vision application using the toolkit.	5.00	Advanced	https://youtu.be/yQTh-0gobcM?si=8LWhpJQ-5kIwzt8f	\N	\N	1	f	0
108	Analysis of Variance with ANOVA in Google Sheets	00:01:55	In every domain it is critical to decision making to understand whether differences exist between two or more groups of things or outcomes. In this course you will test for differences with the One-Way ANOVA analysis of variance technique. You will also learn how to design the test and apply tactics so that you are able to confidently report statistical significance between and within groups if it exists. For this course, we will work side-by-side in the free-to-use software Google Sheets.  By the end of this course, you will be able to apply ANOVA and post hoc tests using any spreadsheet software and you will be able to confidently report levels of statistical significance in groups.   Note: This course works best for learners who are based in the North America region. Were currently working on providing the same experience in other regions.	3.90	Beginner	https://youtu.be/8jKI3ngimx4?si=rpPgPgjkg_dOYGo1	\N	\N	5	f	0
143	Unsupervised Machine Learning for Customer Market Segmentation	00:46:41	In this hands-on guided project, we will train unsupervised machine learning algorithms to perform customer market segmentation. Market segmentation is crucial for marketers since it enables them to launch targeted ad marketing campaigns that are tailored to customer's specific needs.   Note: This course works best for learners who are based in the North America region. Were currently working on providing the same experience in other regions.	4.80	Beginner	https://youtu.be/4jv1pUrG0Zk?si=lIuTr2iyiPnidG_B	\N	\N	1	f	0
111	AI Capstone Project with Deep Learning	00:41:02	In this capstone, learners will apply their deep learning knowledge and expertise to a real world challenge.  They will use a library of their choice to develop and test a deep learning model. They will load and pre-process data for a real problem, build the model and validate it. Learners  will then present a project report to demonstrate the validity of their model and their proficiency in the field of Deep Learning. Learning Outcomes: \\\\tdetermine what kind of deep learning method to use in which situation \\\\tknow how to build a deep learning model to solve a real problem  \\\\tmaster the process of creating  a deep learning pipeline  \\\\tapply knowledge of deep learning to improve models using real data \\\\tdemonstrate ability to present and communicate outcomes of deep learning projects	4.20	Beginner	https://youtu.be/tHzJMATAL0U?si=oLga3Yya_7mGVDMy	\N	\N	1	f	0
109	(Non) Status quo Attitudes with NetLogo	00:04:10	Have you ever wondered what is behind different cultural traits and attitudes towards the status quo? Or more broadly, what influences the Zeitgeist of a society? Generally speaking, when it comes to changing (or not) the current spirit and state of affairs of a given society or community, some people show themselves as idealists, and they can even inspire others. At the same time, some other people are traditionalists, and some are just neutral about how things are. In this guided-project you will develop an agent-based model using NetLogo that tries to use these personas to touch and generate insights around theses questions. And while doing so, you will gain some hands-on knowledge on model building and debugging.  Note: This project works best for learners who are based in the North America region. Were currently working on providing the same experience in other regions.	0.00	Intermediate	https://youtu.be/DSo2IDPS3tQ?si=9_eZ3lfHYWKV2T_y	\N	\N	3	f	0
113	Networks and Communications Security	00:12:25	Welcome to Networks and Communications Security Course! In the Networks and Communications Security Course, you will learn about the network structure, data transmission methods, transport formats, and the security measures used to maintain integrity, availability, authentication, and confidentiality of the information being transmitted. Concepts for both public and private communication networks will be discussed.  Course Objectives 1. Describe network-related security issues 2. Identify protective measures for telecommunication technologies 3. Define processes for controlling network access 4. Identify processes for managing LAN-based security 5. Describe procedures for operating and configuring networked-based security devices 6. Define procedures to implement and operate wireless technologies	4.70	Advanced	https://youtu.be/ly8ikWtAY7s?si=oSlKZA9Nmyacsl7r	\N	\N	3	f	0
115	Advanced Linear Models for Data Science 2: Statistical Linear Models	00:12:40	Welcome to the Advanced Linear Models for Data Science Class 2: Statistical Linear Models. This class is an introduction to least squares from a linear algebraic and mathematical perspective. Before beginning the class make sure that you have the following:  - A basic understanding of linear algebra and multivariate calculus. - A basic understanding of statistics and regression models. - At least a little familiarity with proof based mathematics. - Basic knowledge of the R programming language.  After taking this course, students will have a firm foundation in a linear algebraic treatment of regression modeling. This will greatly augment applied data scientists' general understanding of regression models.	4.60	Intermediate	https://youtu.be/WWqE7YHR4Jc?si=IlnotUp_OQMXWLuk	\N	\N	5	f	0
116	Logistic Regression with Python and Numpy	00:14:03	In this 2-hour long project-based course, you will learn how to implement Logistic Regression using Python and Numpy. Logistic Regression is an important fundamental concept if you want break into Machine Learning and Deep Learning. Even though popular machine learning frameworks have implementations of logistic regression available, it's still a great idea to learn to implement it on your own to understand the mechanics of optimization algorithm, and the training and validation process.  Since this is a practical, project-based course, you will need to have a theoretical understanding of logistic regression, and gradient descent. We will focus on the practical aspect of implementing logistic regression with gradient descent, but not on the theoretical aspect.  By the end of this course, you would create and train a logistic model that will be able to predict if a given image is of hand-written digit zero or of hand-written digit one. The model will be able to distinguish between images or 0s and 1s, and it will do that with a very high accuracy. Not only that, your implementation of the logistic model will also be able to solve any generic binary classi?cation problem. You will still have to train model instances on speci?c datasets of course, but you wont have to change the implementation and it will be re-usable. The dataset for images of hand written digits comes from the popular MNIST dataset. This data set consists of images for the 10 hand-written digits (from 0 to 9), but since we are implementing logistic regression, and are looking to solve binary classi?cation problems - we will work with examples of hand written zeros, and hand written ones and we will ignore examples of rest of the digits.  Note: This course works best for learners who are based in the North America region. Were currently working on providing the same experience in other regions.	4.50	Beginner	https://youtu.be/YYEJ_GUguHw?si=MpWhPnNhRRrLpaqJ	\N	\N	5	f	0
117	Palo Alto Networks Cybersecurity Gateway II	00:21:01	Cybersecurity Gateway II   Gateway II Course Description Gateway II provides the student with a full understanding of the fundamental tenants of networking and covers the general concepts involved in maintaining a secure network computing environment. Upon successful completion of this course, students will be able to fully examine, describe general networking fundamentals and implement basic networking configuration techniques.   Gateway II Learning Objectives:  Upon completion of this course, students will be able to:  \\\\tExamine cybersecurity landscape environments, attack threat vectors, exposure, vulnerabilities, and risk factors.  \\\\tAccurately explain common use of cloud, virtualization, storage, backup, and recovery procedures.  \\\\tApply the knowledge and skills necessary to plan, design, implement, troubleshoot, and maintain network infrastructure environments.	4.60	Advanced	https://youtu.be/xLmW48yc_hU?si=NxOJztuL8I5VgNQI	\N	\N	7	f	0
140	Linear Regression with Python	00:13:46	In this 2-hour long project-based course, you will learn how to implement Linear Regression using Python and Numpy. Linear Regression is an important, fundamental concept if you want break into Machine Learning and Deep Learning. Even though popular machine learning frameworks have implementations of linear regression available, it's still a great idea to learn to implement it on your own to understand the mechanics of optimization algorithm, and the training process.  Since this is a practical, project-based course, you will need to have a theoretical understanding of linear regression, and gradient descent. We will focus on the practical aspect of implementing linear regression with gradient descent, but not on the theoretical aspect.  Note: This course works best for learners who are based in the North America region. Were currently working on providing the same experience in other regions.	4.60	Beginner	https://youtu.be/EMIyRmrPWJQ?si=WNpBXuh1dFlB1286	\N	\N	1	f	0
114	3D Data Visualization for Science Communication	00:57:26	This course is an introduction to 3D scientific data visualization, with an emphasis on science communication and cinematic design for appealing to broad audiences. You will develop visualization literacy, through being able to interpret/analyze (read) visualizations and create (write) your own visualizations.  By the end of this course, you will: -Develop visualization literacy. -Learn the practicality of working with spatial data. -Understand what makes a scientific visualization meaningful. -Learn how to create educational visualizations that maintain scientific accuracy. -Understand what makes a scientific visualization cinematic. -Learn how to create visualizations that appeal to broad audiences. -Learn how to work with image-making software. (for those completing the Honors track)	4.30	Advanced	https://youtu.be/50vJxPJOY_w?si=qoBXYvUhuF0Y3SLr	\N	\N	8	f	0
122	End-to-End Machine Learning with TensorFlow on GCP	00:56:54	In the first course of this specialization, we will recap what was covered in the  Machine Learning with TensorFlow on Google Cloud Platform Specialization (https://www.coursera.org/specializations/machine-learning-tensorflow-gcp).  One of the best ways to review something is to work with the concepts and technologies that you have learned.  So, this course is set up as a workshop and in this workshop, you will do End-to-End Machine Learning with TensorFlow on Google Cloud Platform  Prerequisites: Basic SQL, familiarity with Python and TensorFlow  >>> By enrolling in this course you agree to the Qwiklabs Terms of Service as set out in the FAQ and located at: https://qwiklabs.com/terms_of_service <<<	4.50	Advanced	https://youtu.be/9prOimLom6E?si=xN0bSN1CYEXTFKsH	\N	\N	1	f	0
123	Computer Vision - Image Basics with OpenCV and Python	00:20:37	In this 1-hour long project-based course, you will learn how to do Computer Vision on images with OpenCV and Python using Jupyter Notebook.   This course runs on Coursera's hands-on project platform called Rhyme. On Rhyme, you do projects in a hands-on manner in your browser. You will get instant access to pre-configured cloud desktops containing all of the software and data you need for the project. Everything is already set up directly in your Internet browser so you can just focus on learning. For this project, youll get instant access to a cloud desktop with Python, Jupyter, and OpenCV pre-installed.  Prerequisites: In order to be successful in this project, you should have a basic knowledge of Python.   Notes: -  You will be able to access the cloud desktop 5 times. However, you will be able to access instructions videos as many times as you want. - This course works best for learners who are based in the North America region. Were currently working on providing the same experience in other regions.	4.20	Intermediate	https://youtu.be/kSqxn6zGE0c?si=H-30vuaXFUYwbSaS	\N	\N	1	f	0
124	Sample-based Learning Methods	00:03:04	In this course, you will learn about several algorithms that can learn near optimal policies based on trial and error interaction with the environment---learning from the agents own experience. Learning from actual experience is striking because it requires no prior knowledge of the environments dynamics, yet can still attain optimal behavior. We will cover intuitively simple but powerful Monte Carlo methods, and temporal difference learning methods including Q-learning. We will wrap up this course investigating how we can get the best of both worlds: algorithms that can combine model-based planning (similar to dynamic programming) and temporal difference updates to radically accelerate learning.  By the end of this course you will be able to:   - Understand Temporal-Difference learning and Monte Carlo as two strategies for estimating value functions from sampled experience - Understand the importance of exploration, when using sampled experience rather than dynamic programming sweeps within a model - Understand the connections between Monte Carlo and Dynamic Programming and TD.  - Implement and apply the TD algorithm, for estimating value functions - Implement and apply Expected Sarsa and Q-learning (two TD methods for control)  - Understand the difference between on-policy and off-policy control - Understand planning with simulated experience (as opposed to classic planning strategies) - Implement a model-based approach to RL, called Dyna, which uses simulated experience  - Conduct an empirical study to see the improvements in sample efficiency when using Dyna	4.70	Intermediate	https://youtu.be/4iaacvB_XSI?si=x3KXtw_k4DGJdJFI	\N	\N	1	f	0
125	Cyber Security in Manufacturing	00:14:06	The nature of digital manufacturing and design (DM&D), and its heavy reliance on creating a digital thread of product and process data and information, makes it a prime target for hackers and counterfeiters. This course will introduce students to why creating a strong and secure infrastructure should be of paramount concern for anyone operating in the DM&D domain, and measures that can be employed to protect operational technologies, systems and resources.   Acquire knowledge about security needs and the application of information security systems. Build the foundational skills needed in performing a risk assessment of operational and information technology assets. Gain valuable insights of implementing controls to mitigate identified risks.  Main concepts of this course will be delivered through lectures, readings, discussions and various videos.   This is the seventh course in the Digital Manufacturing & Design Technology specialization that explores the many facets of manufacturings Fourth Revolution,  aka Industry 4.0, and features a culminating project involving creation of a roadmap to achieve a self-established DMD-related professional goal.  To learn more about the Digital Manufacturing and Design Technology specialization, please watch the overview video by copying and pasting the following link into your web browser: https://youtu.be/wETK1O9c-CA	4.70	Beginner	https://youtu.be/DydeFlYlL4M?si=_Lh7QTQeS1NCS7ke	\N	\N	7	f	0
127	Data for Machine Learning	00:13:56	This course is all about data and how it is critical to the success of your applied machine learning model. Completing this course will give learners the skills to: Understand the critical elements of data in the learning, training and operation phases Understand biases and sources of data Implement techniques to improve the generality of your model Explain the consequences of overfitting and identify mitigation measures Implement appropriate test and validation measures. Demonstrate how the accuracy of your model can be improved with thoughtful feature engineering. Explore the impact of the algorithm parameters on model strength  To be successful in this course, you should have at least beginner-level background in Python programming (e.g., be able to read and code trace existing code, be comfortable with conditionals, loops, variables, lists, dictionaries and arrays). You should have a basic understanding of linear algebra (vector notation) and statistics (probability distributions and mean/median/mode).  This is the third course of the Applied Machine Learning Specialization brought to you by Coursera and the Alberta Machine Intelligence Institute.	4.40	Beginner	https://youtu.be/P8ERBy91Y90?si=FART8A5OorKpHHFA	\N	\N	1	f	0
144	Medical Diagnosis using Support Vector Machines	00:20:45	In this one hour long project-based course, you will learn the basics of support vector machines using Python and scikit-learn.  The dataset we are going to use comes from the National Institute of Diabetes and Digestive and Kidney Diseases, and contains anonymized diagnostic measurements for a set of female patients.  We will train a support vector machine to predict whether a new patient has diabetes based on such measurements. By the end of this course, you will be able to model an existing dataset with the goal of making predictions about new data.  This is a first step on the path to mastering machine learning.  Note: This course works best for learners who are based in the North America region. Were currently working on providing the same experience in other regions.	4.40	Beginner	https://youtu.be/5lgrlddp-98?si=EJm3uYQrqBQJeVXk	\N	\N	1	f	0
128	Deploying Machine Learning Models	13:58:52	In this course we will learn about Recommender Systems (which we will study for the Capstone project), and also look at deployment issues for data products. By the end of this course, you should be able to implement a working recommender system (e.g. to predict ratings, or generate lists of related products), and you should understand the tools and techniques required to deploy such a working system on real-world, large-scale datasets.  This course is the final course in the Python Data Products for Predictive Analytics Specialization, building on the previous three courses (Basic Data Processing and Visualization, Design Thinking and Predictive Analytics for Data Products, and Meaningful Predictive Modeling). At each step in the specialization, you will gain hands-on experience in data manipulation and building your skills, eventually culminating in a capstone project encompassing all the concepts taught in the specialization.	3.20	Advanced	https://youtube.com/playlist?list=PLfFghEzKVmjttkxVtVIvNZRuoSUuWtsFN&si=9MP-1438AiJwtOzj	\N	\N	1	f	0
130	Introduction to Reinforcement Learning in Python	00:20:56	In this project-based course, we will explore Reinforcement Learning in Python. Reinforcement Learning, or RL for short, is different from supervised learning methods in that, rather than being given correct examples by humans, the AI finds the correct answers for itself through a predefined framework of reward signals.  In this course, we will discuss theories and concepts that are integral to RL, such as the Multi-Arm Bandit problem and its implications, and how  Markov Decision processes can be leveraged to find solutions. Then we will implement code examples in Python of basic Temporal Difference algorithms and Monte Carlo techniques. Finally, we implement an example of Q-learning in Python.  I would encourage learners to experiment with the tools and methods discussed in this course. The learner is highly encouraged to experiment beyond the scope of the course.  Note: This course works best for learners who are based in the North America region. Were currently working on providing the same experience in other regions.	4.10	Advanced	https://youtu.be/cO5g5qLrLSo?si=AzKK2jc3xXvdMMUu	\N	\N	1	f	0
131	SQL Joins	00:09:46	In this 1-hour long project-based course, you will learn how to utilize MySQL joins in your queries. By the end of this project, you will create a number of examples that will develop your learning around joins in SQL. This course will enable you to take your beginner knowledge of SQL to the next level by enabling you to utilize joins. Thus, being able to develop more complex queries. This course will provide students with the knowledge behind different joins that are available in MySQL language such as inner join, outer join, and left join. This project will take students through a number of examples demonstrating SQL functions based on a database around a bookstore. You will gain an understanding of these concepts from the in-depth examples provided.	0.00	Intermediate	https://youtu.be/Yh4CrPHVBdE?si=CjQFNGj5CI8PYgQN	\N	\N	6	f	0
132	Machine Learning With Big Data	04:57:24	Want to make sense of the volumes of data you have collected?  Need to incorporate data-driven decisions into your process?  This course provides an overview of machine learning techniques to explore, analyze, and leverage data.  You will be introduced to tools and algorithms you can use to create machine learning models that learn from data, and to scale those models up to big data problems.  At the end of the course, you will be able to: \\\\tDesign an approach to leverage data using the steps in the machine learning process. \\\\tApply machine learning techniques to explore and prepare data for modeling. \\\\tIdentify the type of machine learning problem in order to apply the appropriate set of techniques. \\\\tConstruct models that learn from data using widely available open source tools. \\\\tAnalyze big data problems using scalable machine learning algorithms on Spark.  Software Requirements:  Cloudera VM, KNIME, Spark	4.60	Intermediate	https://youtube.com/playlist?list=PLmI_IVYHB9FpNHPBx-RdWqjT9RqD9lMNV&si=3KVrEXvbvDyl25_c	\N	\N	1	f	0
129	Exploratory Data Analysis With Python and Pandas	00:40:21	In this 2-hour long project-based course, you will learn how to perform Exploratory Data Analysis (EDA) in Python. You will use external Python packages such as Pandas, Numpy, Matplotlib, Seaborn etc. to conduct univariate analysis, bivariate analysis, correlation analysis and identify and handle duplicate/missing data.  Note: This course works best for learners who are based in the North America region. Were currently working on providing the same experience in other regions.	4.70	Beginner	https://youtu.be/xi0vhXFPegw?si=oLAxmhE7_NqWeJDp	\N	\N	5	f	0
133	Computer Vision - Object Detection with OpenCV and Python	03:41:42	In this 1-hour long project-based course, you will learn how to do Computer Vision Object Detection from Images and Videos. At the end of the project, you'll have learned how to detect faces, eyes and a combination of them both from images, how to detect people walking and cars moving from videos and finally how to detect a car's plate.  This course runs on Coursera's hands-on project platform called Rhyme. On Rhyme, you do projects in a hands-on manner in your browser. You will get instant access to pre-configured cloud desktops containing all of the software and data you need for the project. Everything is already set up directly in your Internet browser so you can just focus on learning. For this project, youll get instant access to a cloud desktop with (e.g. Python, Jupyter, and Tensorflow) pre-installed.  Prerequisites: In order to be successful in this project, you should have a fundamental knowledge of Python and OpenCV.   Notes: -  You will be able to access the cloud desktop 5 times. However, you will be able to access instructions videos as many times as you want. - This course works best for learners who are based in the North America region. Were currently working on providing the same experience in other regions.	3.60	Intermediate	https://youtu.be/oXlwWbU8l2o?si=T_WsLjYOYEKT3ukh	\N	\N	1	f	0
134	The Data Scientist Toolbox	02:04:53	In this course you will get an introduction to the main tools and ideas in the data scientist's toolbox. The course gives an overview of the data, questions, and tools that data analysts and data scientists work with. There are two components to this course. The first is a conceptual introduction to the ideas behind turning data into actionable knowledge. The second is a practical introduction to the tools that will be used in the program like version control, markdown, git, GitHub, R, and RStudio.	4.50	Intermediate	https://youtube.com/playlist?list=PLmTpraKlPXDSPbP2L8MYZoweGSzi9gNTr&si=IQ_NLQiu4j_Cw4oa	\N	\N	5	f	0
136	Python: Imputations, Feature Creation & Statistical Analysis	03:32:38	In this 3 and half hour long project-based course, you will learn how to perform imputations, feature engineering, statistical analysis, train & evaluate models and exploratory analysis and visualization on your data.	4.70	Beginner	https://youtu.be/8Lc8yxSuSiw?si=AHr7nMF4l5N6vpjJ	\N	\N	5	f	0
137	Classification with Transfer Learning in Keras	00:25:55	In this 1.5 hour long project-based course, you will learn to create and train a Convolutional Neural Network (CNN) with an existing CNN model architecture, and its pre-trained weights. We will use the MobileNet model architecture along with its weights trained on the popular ImageNet dataset. By using a model with pre-trained weights, and then training just the last layers on a new dataset, we can drastically reduce the training time required to fit the model to the new data . The pre-trained model has already learned to recognize thousands on simple and complex image features, and we are using its output as the input to the last layers that we are training.  In order to be successful in this project, you should be familiar with Python, Neural Networks, and CNNs.   Note: This course works best for learners who are based in the North America region. Were currently working on providing the same experience in other regions.	4.50	Advanced	https://youtu.be/LsdxvjLWkIY?si=_Y-3WBkT7fXSq0zX	\N	\N	1	f	0
138	Regression with Automatic Differentiation in TensorFlow	00:03:58	In this 1.5 hour long project-based course, you will learn about constants and variables in TensorFlow, you will learn how to use automatic differentiation, and you will apply automatic differentiation to solve a linear regression problem. By the end of this project, you will have a good understanding of how machine learning algorithms can be implemented in TensorFlow.   In order to be successful in this project, you should be familiar with Python, Gradient Descent, Linear Regression.  Note: This course works best for learners who are based in the North America region. Were currently working on providing the same experience in other regions.	4.70	Beginner	https://youtu.be/NL8feCR2Qts?si=qlHgHoMgxlWzM4YP	\N	\N	1	f	0
139	Regression Modeling in Practice	01:55:17	This course focuses on one of the most important tools in your data analysis arsenal: regression analysis. Using either SAS or Python, you will begin with linear regression and then learn how to adapt when two variables do not present a clear linear relationship. You will examine multiple predictors of your outcome and be able to identify confounding variables, which can tell a more compelling story about your results. You will learn the assumptions underlying regression analysis, how to interpret regression coefficients, and how to use regression diagnostic plots and other tools to evaluate the quality of your regression model. Throughout the course, you will share with others the regression models you have developed and the stories they tell you.	4.40	Intermediate	https://youtube.com/playlist?list=PLug_YCQOrNHknFaM1mFJ8Tfa016SNRJTK&si=GdMw8PQ2o4WbxhUq	\N	\N	1	f	0
145	Tools for Data Science	00:24:21	What are some of the most popular data science tools, how do you use them, and what are their features? In this course, you'll learn about Jupyter Notebooks, RStudio IDE, Apache Zeppelin and Data Science Experience. You will learn about what each tool is used for, what programming languages they can execute, their features and limitations. With the tools hosted in the cloud on Cognitive Class Labs, you will be able to test each tool and follow instructions to run simple code in Python, R or Scala. To end the course, you will create a final project with a Jupyter Notebook on IBM Data Science Experience and demonstrate your proficiency preparing a notebook, writing Markdown, and sharing your work with your peers.  LIMITED TIME OFFER: Subscription is only $39 USD per month for access to graded materials and a certificate.	4.40	Beginner	https://www.youtube.com/watch?v=zVBcmTkJqpo&pp=ygUWVG9vbHMgZm9yIERhdGEgU2NpZW5jZQ%3D%3D	\N	\N	5	f	0
146	Machine Learning for Data Analysis	00:11:50	Are you interested in predicting future outcomes using your data? This course helps you do just that! Machine learning is the process of developing, testing, and applying predictive algorithms to achieve this goal. Make sure to familiarize yourself with course 3 of this specialization before diving into these machine learning concepts. Building on Course 3, which introduces students to integral supervised machine learning concepts, this course will provide an overview of many additional concepts, techniques, and algorithms in machine learning, from basic classification to decision trees and clustering. By completing this course, you will learn how to apply, test, and interpret machine learning algorithms as alternative methods for addressing your research questions.	4.20	Intermediate	https://www.coursera.org/learn/machine-learning-data-analysis	\N	\N	1	f	0
147	Cleaning, Reshaping, and Expanding Datasets in Python	00:40:01	It has been said that obtaining and cleaning data constitutes 80% of a data scientists job. Whether it's correcting or replacing missing data, removing duplicate entries, or dealing with outliers, our datasets always require some level of cleaning and reshaping. Doing so improves the accuracy of our results immensely.  In this 2 hour project-based course, we will examine a variety of methods to clean, and reshape any dataset.  Note: This course works best for learners who are based in the North America region. Were currently working on providing the same experience in other regions.	5.00	Intermediate	https://www.youtube.com/watch?v=iaZQF8SLHJs&pp=ygU1Q2xlYW5pbmcsIFJlc2hhcGluZywgYW5kIEV4cGFuZGluZyBEYXRhc2V0cyBpbiBQeXRob24%3D	\N	\N	5	f	0
150	Manipulating Data with SQL	00:39:16	In this course you will learn to write the SQL code to manipulate the data in a relational database table. Youll begin by populating the table with data. Since a database and its tables are designed and built to be repositories of data, getting the data into the tables is a critical activity in the building of a working database.   When building a new home, the real test of your design comes when the furniture and family move in. Its much the same with designing and building database tablesthe real test comes when you load data into the tables and begin to use it.  As you work through and complete hands-on tasks, youll become familiar with SQLiteStudio, the database management system used in the course.  Youll experience first-hand the impact data types and constraints have on manipulating table data. For example, as you enter new data into a table, youll appreciate the extra protection provided by the primary key constraint. It will not let you insert two rows into a table that are exactly alike.   In addition to adding data to the tables, youll write the SQL code used to modify existing data values and to delete rows of data. Managing and manipulating data are SQLs primary purposes, and SQL coding will be a powerful addition to your tool set.  Note: This course works best for learners who are based in the North America region. Were currently working on providing the same experience in other regions.	4.60	Beginner	https://www.youtube.com/playlist?list=PLB5jA40tNf3tRMbTpBA0N7lfDZNLZAa9G	\N	\N	6	f	0
151	Cybersecurity Compliance Framework & System Administration	00:38:00	This course gives you the background needed to understand the key cybersecurity compliance and industry standards.  This knowledge will be important for you to learn no matter what cybersecurity role you would like to acquire or have within an organization.   You will learn the basic commands for user and server administration as it relates to security. You will need this skill to be able to understand vulnerabilities within your organizations operating systems.  You will learn the concepts of endpoint security and patch management.  Both of these topics are important to keep systems current to avoid cybersecurity incidents against an organization.  Finally you will learn in depth skills around cryptography and encryption to understand how these concepts affect software within a company.    This course is intended for anyone who wants to gain a basic understanding of Security Frameworks, Compliance, endpoint management, encryption or cryptography or as the third course in a series of courses to gain the skill as a Jr Cybersecurity analyst.	4.60	Beginner	https://www.youtube.com/playlist?list=PLLEkNXNR2f6QbGOTMWme6pCu_PIeEJu37	\N	\N	3	f	0
152	Cybersecurity Compliance Framework & System Administration	00:38:00	This course gives you the background needed to understand the key cybersecurity compliance and industry standards.  This knowledge will be important for you to learn no matter what cybersecurity role you would like to acquire or have within an organization.   You will learn the basic commands for user and server administration as it relates to security. You will need this skill to be able to understand vulnerabilities within your organizations operating systems.  You will learn the concepts of endpoint security and patch management.  Both of these topics are important to keep systems current to avoid cybersecurity incidents against an organization.  Finally you will learn in depth skills around cryptography and encryption to understand how these concepts affect software within a company.    This course is intended for anyone who wants to gain a basic understanding of Security Frameworks, Compliance, endpoint management, encryption or cryptography or as the third course in a series of courses to gain the skill as a Jr Cybersecurity analyst.	4.60	Beginner	https://www.youtube.com/playlist?list=PLLEkNXNR2f6QbGOTMWme6pCu_PIeEJu37	\N	\N	3	f	0
153	Linear Regression with NumPy and Python	00:32:44	Welcome to this project-based course on Linear Regression with NumPy and Python. In this project, you will do all the machine learning without using any of the popular machine learning libraries such as scikit-learn and statsmodels. The aim of this project and is to implement all the machinery, including gradient descent and linear regression, of the various learning algorithms yourself, so you have a deeper understanding of the fundamentals.  This course runs on Coursera's hands-on project platform called Rhyme. On Rhyme, you do projects in a hands-on manner in your browser. You will get instant access to pre-configured cloud desktops containing all of the software and data you need for the project. Everything is already set up directly in your internet browser so you can just focus on learning. For this project, youll get instant access to a cloud desktop with Python, Jupyter, NumPy, and Seaborn pre-installed.	4.40	Beginner	https://www.youtube.com/playlist?list=PLCVIwUQJ_a6x5M9mdhEpO_IdtFrRtAyaY	\N	\N	1	f	0
155	Building Data Visualization Tools	05:50:08	The data science revolution has produced reams of new data from a wide variety of new sources. These new datasets are being used to answer new questions in way never before conceived. Visualization remains one of the most powerful ways draw conclusions from data, but the influx of new data types requires the development of new visualization techniques and building blocks. This course provides you with the skills for creating those new visualization building blocks. We focus on the ggplot2 framework and describe how to use and extend the system to suit the specific needs of your organization or team. Upon completing this course, learners will be able to build the tools needed to visualize a wide variety of data types and will have the fundamentals needed to address new data types as they come about.	3.80	Beginner	https://www.youtube.com/playlist?list=PLHgX2IExbFovFg4DI0_b3EWyIGk-oGRzq	\N	\N	5	f	0
156	Tools for Data Science	00:00:00	What are some of the most popular data science tools, how do you use them, and what are their features? In this course, you'll learn about Jupyter Notebooks, RStudio IDE, Apache Zeppelin and Data Science Experience. You will learn about what each tool is used for, what programming languages they can execute, their features and limitations. With the tools hosted in the cloud on Cognitive Class Labs, you will be able to test each tool and follow instructions to run simple code in Python, R or Scala. To end the course, you will create a final project with a Jupyter Notebook on IBM Data Science Experience and demonstrate your proficiency preparing a notebook, writing Markdown, and sharing your work with your peers.  LIMITED TIME OFFER: Subscription is only $39 USD per month for access to graded materials and a certificate.	4.40	Beginner	https://www.youtube.com/playlist?list=PLZ2ps__7DhBZJ2q_hd8ZbDRgOJlB0CZLw	\N	\N	5	f	0
158	Applying Data Structures to Manipulate Cleansed UN Data	12:48:03	In this 1-hour long project-based course, you will discover optimal situations to use fundamental data structures such as Arrays, Stacks, Queues, Hashtables, LinkedLists, and ArrayLists. By the end of this project you will create an application that processes an UN dataset, and manipulates this dataset using a variety of different data structures. In addition, you will explore how to implement each data structure using industry-standard Java practices, and gain experience manipulating real life data sets.  Data structures are an essential tool for any developer, and allow us to store and efficiently access data for even large datasets. Mastery of data structures allows your programs to be scalable and function without taking up too many system resources. We will use the Java Collections versions of each of these data structures, just as you would in real-life. Students can expect to walk away from the course confident in their ability to manipulate essential Java data structures, and have a working knowledge theory behind each data structure.    Note: This course works best for learners who are based in the North America region. Were currently working on providing the same experience in other regions.	4.30	Beginner	https://www.youtube.com/playlist?list=PLImJ3umGjxdDqTlZhQxXBeGij9Oa9Xjnj	\N	\N	5	f	0
161	Build a Database from a Relational Model	01:51:50	In this course you will interpret the components of a relational data model, convert that model into a relational database, and then test the database design. The process of database design begins with requirements analysis to determine who will use the new database and how it will be used. The results of the detailed analysis are recorded in an Entity Relationship Diagram (ERD), which documents entities and their attributes, along with the relationships between entities. The ERD (logical design) is then converted into the Relational Model, which serves as the blueprint for the actual creation of a database in a database management system. By the end of this course, you will have used a blueprinta Relational Modelto create a database using SQLiteStudio. In addition, you will have developed test data and queries to validate the database design represented by the Relational Model.  Note: This course works best for learners who are based in the North America region. Were currently working on providing the same experience in other regions.	4.80	Beginner	https://www.youtube.com/playlist?list=PLJhTWoCm8I6CdcxP8mAyJPb8do7Ytsb1C	\N	\N	6	f	0
162	Designing data-intensive applications	05:05:33	Welcome to the specialization course of Designing data-intensive applications.  This course will be completed on four weeks, it will be supported with videos and exercises.  By the end of this specialization, learners will be able to propose, design, justify and develop high reliable information systems according to type of data and volume of information, response time, type of processing and queries in order to support scalability, maintainability, security and reliability considering the last information technologies.  Software to download: MySQL Workbench  Rapidminer Hadoop framework Hortonworks MongoDB  In case you have a Mac / IOS operating system you need to perform an action called VirtualBox.	4.30	Beginner	https://www.youtube.com/playlist?list=PLTRDUPO2OmIljJwE9XMYE_XEgEIWZDCuQ	\N	\N	6	f	0
164	Exploratory Data Analysis with MATLAB	23:01:11	In this course, you will learn to think like a data scientist and ask questions of your data.  You will use interactive features in MATLAB to extract subsets of data and to compute statistics on groups of related data. You will learn to use  MATLAB to automatically generate code so you can learn syntax as you explore.  You will also use interactive documents, called live scripts,  to capture the steps of your analysis, communicate the results, and provide interactive controls allowing others to experiment by selecting groups of data.  These skills are valuable for those who have domain knowledge and some exposure to computational tools, but no programming background is required. To be successful in this course, you should have some knowledge of basic statistics (e.g., histograms, averages, standard deviation, curve fitting, interpolation).   By the end of this course, you will be able to load data into MATLAB, prepare it for analysis, visualize it, perform basic computations, and communicate your results to others. In your last assignment, you will combine these skills to assess damages following a severe weather event and communicate a polished recommendation based on your analysis of the data.  You will be able to visualize the location of these events on a geographic map and create sliding controls allowing you to quickly visualize how a phenomenon changes over time.	4.80	Beginner	https://www.youtube.com/playlist?list=PLXW8k96keo1DuV78xLvKHR7M7p657nIKr	\N	\N	5	f	0
163	Building Web Applications in PHP	08:23:35	In this course, you'll explore the basic structure of a web application, and how a web browser interacts with a web server. You'll be introduced to the request/response cycle, including GET/POST/Redirect. You'll also gain an introductory understanding of Hypertext Markup Language (HTML), as well as the basic syntax and data structures of the PHP language, variables, logic, iteration, arrays, error handling, and superglobal variables, among other elements. An introduction to Cascading Style Sheets (CSS) will allow you to style markup for webpages. Lastly, you'll gain the skills and knowledge to install and use an integrated PHP/MySQL environment like XAMPP or MAMP.	4.70	Beginner	https://www.youtube.com/playlist?list=PLY3j36HMSHNWaKUC73RJlwi6oU-WTpTPM	\N	\N	2	f	0
165	Network Data Science with NetworkX and Python	08:50:50	In this 1-hour long project-based course, you are going to be able to perform centrality network analysis and visualization on educational datasets, to generate different kinds of random graphs which represents social networks, and to manipulate the graph and subgraph structures, allowing you to break and get insights on complex structures.  This guided project is for people who want to incorporate network data science skills into their technology portfolio. This is a topic of interest to researchers, marketers, consultants and practitioners associated with the knowledge areas of social science, marketing, social media, operational research and complexity science.  Note: This course works best for learners who are based in the North America region. Were currently working on providing the same experience in other regions.	4.50	Beginner	https://www.youtube.com/playlist?list=PL4t57wTiHGueoKqo-Pg1kr2m0wAJan2DH	\N	\N	5	f	0
166	Cybersecurity Capstone Project	01:10:19	This course presents an intensive experience during which students build a software system they intend to be secure, and then attempt to show that other students' projects are insecure, by finding flaws in them.  A Note on Capstone Frequency: Please note that sessions of this Cybersecurity Capstone Project only run 3-4 times a year, depending on course team availability and learner interest. Please keep this in mind as you enroll into the Capstone program. While you will still be able to access certain elements of the course between sessions, you will not be able to submit assignments or be grouped into teams unless you are in an actively running session.	3.60	Advanced	https://www.youtube.com/playlist?list=PLpmV6S5Msuyb0BQwnNgmIDy6Gon7EKDBF	\N	\N	3	f	0
168	Exploiting and Securing Vulnerabilities in Java Applications	18:33:15	In this course, we will wear many hats. With our Attacker Hats on, we will exploit Injection issues that allow us to steal data, exploit Cross Site Scripting issues to compromise a users browser, break authentication to gain access to data and functionality reserved for the Admins, and even exploit vulnerable components to run our code on a remote server and access some secrets. We will also wear Defender Hats. We will dive deep in the code to fix the root cause of these issues and discuss various mitigation strategies. We do this by exploiting WebGoat, an OWASP project designed to teach penetration testing. WebGoat is a deliberately vulnerable application with many flaws and we take aim at fixing some of these issues. Finally we fix these issues in WebGoat and build our patched binaries. Together we will discuss online resources to help us along and find meaningful ways to give back to the larger Application Security community.	4.20	Beginner	https://www.youtube.com/playlist?list=PLLKT__MCUeixCoi2jtP2Jj8nZzM4MOzBL	\N	\N	3	f	0
171	Azure Infrastructure Fundamentals	07:15:07	Microsoft Azure is a service created by Microsoft to provide cloud computing for creating and managing applications and services using a cloud environment. Azure provides software as a service (SaaS), platform as a service (PaaS) and infrastructure as a service (IaaS). The platform supports many programming languages and frameworks and can be used alone or in a multi-vendor cloud environment.   This course focuses on the Fundamentals of Azure Infrastructure including infrastructure as a service. Well begin with understanding the subscription, configuring security and acquiring storage. Then youll build virtual machines and VNETS. Azure environments can be highly available and very resilient. Data can be backed up to the cloud for safety. These are the concepts we will discuss in this course.	4.20	Advanced	https://www.youtube.com/playlist?list=PLGjZwEtPN7j-Q59JYso3L4_yoCjj2syrM	\N	\N	8	f	0
172	Serving Tensorflow Models with a REST API	01:28:28	In this project-based course, you will learn step-by-step procedures for serving Tensorflow models with a RESTful API.  We will learn to save a Tensorflow object as a servable, deploy servables in Docker containers, as well as how to test our API endpoints and optimize our API response time.   I would encourage learners to experiment with the tools and methods discussed in this course. The learner is highly encouraged to experiment beyond the scope of the course.  Note: This course works best for learners who are based in the North America region. Were currently working on providing the same experience in other regions.	4.30	Beginner	https://www.youtube.com/playlist?list=PLyTePw3ZtzJJ2JoIq_TBSIWTfjLatYffg	\N	\N	1	f	0
170	SRS Documents: Requirements and Diagrammatic Notations	04:50:43	As requirements are being gathered and prioritized, they also need to be documented. In Diagrammatic Notations and Software Requirements Specification Writing, we discuss and practice the process of turning requirements into something readable to the customers at a high level, and the developers.  When a designer or developer reads your document, they should be able to understand the overall idea, the scope, the domain, the resources, the expectations, and why alternative choices are not selected. To create a document in this way, you use a balance between storytelling (with pictures!) and complex diagrams.	4.20	Advanced	https://www.youtube.com/playlist?list=PLuAoMvvRllpTAazyqPRMD3N9-PikJOEoN	\N	\N	8	f	0
174	TensorFlow Serving with Docker for Model Deployment	01:28:28	This is a hands-on, guided project on deploying deep learning models using TensorFlow Serving with Docker. In this 1.5 hour long project, you will train and export TensorFlow models for text classification, learn how to deploy models with TF Serving and Docker in 90 seconds, and build simple gRPC and REST-based clients in Python for model inference.  With the worldwide adoption of machine learning and AI by organizations, it is becoming increasingly important for data scientists and machine learning engineers to know how to deploy models to production. While DevOps groups are fantastic at scaling applications, they are not the experts in ML ecosystems such as TensorFlow and PyTorch. This guided project gives learners a solid, real-world foundation of pushing your TensorFlow models from development to production in no time!  Prerequisites: In order to successfully complete this project, you should be familiar with Python, and have prior experience with building models with Keras or TensorFlow.  Note: This course works best for learners who are based in the North America region. Were currently working on providing the same experience in other regions.	4.90	Advanced	https://www.youtube.com/playlist?list=PLyTePw3ZtzJJ2JoIq_TBSIWTfjLatYffg	\N	\N	1	f	0
177	API Security on Google Cloud's Apigee API Platform	00:48:29	This course, API Security on Google Cloud's Apigee API Platform, is the second in a series of three courses in the Developing APIs for Google Cloud's Apigee API Platform specialization. The first course introduces you to API design and the fundamentals of the Apigee platform. This course focuses on API security. The third course focuses on additional API development topics.  In this course, you learn how to secure your APIs. You explore the security concerns you will encounter for your APIs. You learn about OAuth, the primary authorization method for REST APIs. You will learn about JSON Web Tokens (JWTs) and federated security. You will also learn about securing against malicious requests, safely sending requests across a public network, and how to secure your data for users of Apigee.  This course utilizes hands-on labs that model an API development process that can be used for real-world projects on Google Cloud's Apigee API platform.	4.60	Intermediate	https://www.youtube.com/playlist?list=PLIivdWyY5sqIYex7RAyE7fCKeKZBTLAJl	\N	\N	3	f	0
180	CRUD Operations using MongoDB NoSQL	01:27:10	Unlike relational databases, NoSQL databases such as MongoDB store data as collections of fields, rather than rows and columns. It mimics the way humans think of objects and provides a smooth interface for applications that are object-oriented. Each object is stored in JSON format in a data structure called a Document. The Document may represent a single word and its definition for example. A Document is stored in a Collection, which contains one to many Documents. The MongoDB database then contains one to many Collections.   In this course, you will create a MongoDB database collection containing words and their definitions. You will then retrieve data from the collection, update data, remove document data from the collection, and finally delete a document, a collection, and a database.	4.50	Beginner	https://www.youtube.com/playlist?list=PLLAZ4kZ9dFpOFJ9JcVW9u4PlSWO-VFoao	\N	\N	6	f	0
182	Data Analytics in Accounting Capstone	21:35:59	This capstone is the last course in the Data Analytics in Accountancy Specialization. In this capstone course, you are going to take the knowledge and skills you have acquired from the previous courses and apply them to a real-world problem.  You will be provided with a loan dataset from Lending Club which is the largest peer-to-peer lending platform. You will explore the characteristics of the features in the dataset through statistical analysis, exploratory data analysis and visualization. You will also create a machine learning model to predict whether a loan will be fully paid or not. Finally, you will construct a portfolio with the help of your analysis. The goal is to create a portfolio that achieves better return than the overall return of all loans on the Lending Club platform.	0.00	Advanced	https://www.youtube.com/playlist?list=PLtS8Ubq2bIlVN4Zom0O-6rBysJs3wns60	\N	\N	5	f	0
183	Inferential Statistics	08:08:46	This course covers commonly used statistical inference methods for numerical and categorical data. You will learn how to set up and perform hypothesis tests, interpret p-values, and report the results of your analysis in a way that is interpretable for clients or the public. Using numerous data examples, you will learn to report estimates of quantities in a way that expresses the uncertainty of the quantity of interest. You will be guided through installing and using R and RStudio (free statistical software), and will use this software for lab exercises and a final project. The course introduces practical tools for performing data analysis and explores the fundamental concepts necessary to interpret and report results for both categorical and numerical data	4.70	Advanced	https://www.youtube.com/playlist?list=PLqz9DfkqfigoVlFTkgl-mnAmkGyQS6PBC	\N	\N	5	f	0
184	Google Cloud Platform Fundamentals: Core Infrastructure	00:17:41	This course introduces you to important concepts and terminology for working with Google Cloud Platform (GCP). You learn about, and compare, many of the computing and storage services available in Google Cloud Platform, including Google App Engine, Google Compute Engine, Google Kubernetes Engine, Google Cloud Storage, Google Cloud SQL, and BigQuery. You learn about important resource and policy management tools, such as the Google Cloud Resource Manager hierarchy and Google Cloud Identity and Access Management. Hands-on labs give you foundational skills for working with GCP.  Note: Google services are currently unavailable in China.  New! CERTIFICATE COMPLETION CHALLENGE to unlock benefits from Coursera and Google Cloud Enroll and complete Cloud Engineering with Google Cloud or Cloud Architecture with Google Cloud Professional Certificate  or Data Engineering with Google Cloud Professional Certificate before November 8, 2020 to receive the following benefits;   => Google Cloud t-shirt, for the first 1,000 eligible learners to complete. While supplies last. > Exclusive access to Big => Interview ($950 value) and career coaching  => 30 days free access to Qwiklabs ($50 value) to earn Google Cloud recognized skill badges by completing challenge quests	4.70	Intermediate	https://www.youtube.com/playlist?list=PLVext98k2evjIFqVggHfvecnFu4tTJK_o	\N	\N	8	f	0
185	Google Cloud Platform Fundamentals: Core Infrastructure	00:17:41	This course introduces you to important concepts and terminology for working with Google Cloud Platform (GCP). You learn about, and compare, many of the computing and storage services available in Google Cloud Platform, including Google App Engine, Google Compute Engine, Google Kubernetes Engine, Google Cloud Storage, Google Cloud SQL, and BigQuery. You learn about important resource and policy management tools, such as the Google Cloud Resource Manager hierarchy and Google Cloud Identity and Access Management. Hands-on labs give you foundational skills for working with GCP.  Note: Google services are currently unavailable in China.  New! CERTIFICATE COMPLETION CHALLENGE to unlock benefits from Coursera and Google Cloud Enroll and complete Cloud Engineering with Google Cloud or Cloud Architecture with Google Cloud Professional Certificate  or Data Engineering with Google Cloud Professional Certificate before November 8, 2020 to receive the following benefits;   => Google Cloud t-shirt, for the first 1,000 eligible learners to complete. While supplies last. > Exclusive access to Big => Interview ($950 value) and career coaching  => 30 days free access to Qwiklabs ($50 value) to earn Google Cloud recognized skill badges by completing challenge quests	4.70	Intermediate	https://www.youtube.com/playlist?list=PLVext98k2evjIFqVggHfvecnFu4tTJK_o	\N	\N	8	f	0
186	Image Compression with K-Means Clustering	00:26:40	In this project, you will apply the k-means clustering unsupervised learning algorithm using scikit-learn and Python to build an image compression application with interactive controls. By the end of this 45-minute long project, you will be competent in pre-processing high-resolution image data for k-means clustering, conducting basic exploratory data analysis (EDA) and data visualization, applying a computationally time-efficient implementation of the k-means algorithm, Mini-Batch K-Means, to compress images, and leverage the Jupyter widgets library to build interactive GUI components to select images from a drop-down list and pick values of k using a slider.  This course runs on Coursera's hands-on project platform called Rhyme. On Rhyme, you do projects in a hands-on manner in your browser. You will get instant access to pre-configured cloud desktops containing all of the software and data you need for the project. Everything is already set up directly in your internet browser so you can just focus on learning. For this project, youll get instant access to a cloud desktop with Python, Jupyter, and scikit-learn pre-installed.  Notes: -  You will be able to access the cloud desktop 5 times. However, you will be able to access instructions videos as many times as you want. - This course works best for learners who are based in the North America region. Were currently working on providing the same experience in other regions.	4.60	Beginner	https://www.youtube.com/playlist?list=PLGey__rsxvBXE_AcL_dDeE8_Lb2qP-4eO	\N	\N	5	f	0
187	Big Data Science with the BD2K-LINCS Data Coordination and Integration Center	06:20:00	The Library of Integrative Network-based Cellular Signatures (LINCS) is an NIH Common Fund program. The idea is to perturb different types of human cells with many different types of perturbations such as: drugs and other small molecules; genetic manipulations such as knockdown or overexpression of single genes; manipulation of the extracellular microenvironment conditions, for example, growing cells on different surfaces, and more. These perturbations are applied to various types of human cells including induced pluripotent stem cells from patients, differentiated into various lineages such as neurons or cardiomyocytes. Then, to better understand the molecular networks that are affected by these perturbations, changes in level of many different variables are measured including: mRNAs, proteins, and metabolites, as well as cellular phenotypic changes such as changes in cell morphology. The BD2K-LINCS Data Coordination and Integration Center (DCIC) is commissioned to organize, analyze, visualize and integrate this data with other publicly available relevant resources. In this course we briefly introduce the DCIC and the various Centers that collect data for LINCS. We then cover metadata and how metadata is linked to ontologies. We then present data processing and normalization methods to clean and harmonize LINCS data. This follow discussions about how data is served as RESTful APIs. Most importantly, the course covers computational methods including: data clustering, gene-set enrichment analysis, interactive data visualization, and supervised learning. Finally, we introduce crowdsourcing/citizen-science projects where students can work together in teams to extract expression signatures from public databases and then query such collections of signatures against LINCS data for predicting small molecules as potential therapeutics.	4.60	Advanced	https://www.youtube.com/playlist?list=PLfq4yYrYksVhkcFJ6WwgQSF9kFP3tq4wC	\N	\N	5	f	0
\.


--
-- Data for Name: roadmap_user_ques_answers; Type: TABLE DATA; Schema: public; Owner: postgres
--

COPY public.roadmap_user_ques_answers (id, difficulty_level, track, custom_answer, created_at, user_id) FROM stdin;
\.


--
-- Data for Name: roadmap_userroadmaps; Type: TABLE DATA; Schema: public; Owner: postgres
--

COPY public.roadmap_userroadmaps (id, coursename, "order", course_id, user_id) FROM stdin;
\.


--
-- Data for Name: token_blacklist_blacklistedtoken; Type: TABLE DATA; Schema: public; Owner: postgres
--

COPY public.token_blacklist_blacklistedtoken (id, blacklisted_at, token_id) FROM stdin;
1	2025-03-25 17:18:46.373377+00	9
\.


--
-- Data for Name: token_blacklist_outstandingtoken; Type: TABLE DATA; Schema: public; Owner: postgres
--

COPY public.token_blacklist_outstandingtoken (id, token, created_at, expires_at, user_id, jti) FROM stdin;
1	eyJhbGciOiJIUzI1NiIsInR5cCI6IkpXVCJ9.eyJ0b2tlbl90eXBlIjoicmVmcmVzaCIsImV4cCI6MTc0MzAwMjUwMSwiaWF0IjoxNzQyOTE2MTAxLCJqdGkiOiJmNjVkMGVjMWEzZDU0ZmIxOTgwOTM3OGRiMzIzZTVkNyIsInVzZXJfaWQiOjU5fQ.haNEUNDSL9s34CFxmfpF12HooKc6gwavvzDTwm4gPyk	2025-03-25 15:21:41.799961+00	2025-03-26 15:21:41+00	59	f65d0ec1a3d54fb19809378db323e5d7
2	eyJhbGciOiJIUzI1NiIsInR5cCI6IkpXVCJ9.eyJ0b2tlbl90eXBlIjoicmVmcmVzaCIsImV4cCI6MTc0MzAwMzMyNywiaWF0IjoxNzQyOTE2OTI3LCJqdGkiOiJmMjgwNWNkNmI5NGQ0Nzc3YWVlYmQ3M2Y4NmRkYWVmMSIsInVzZXJfaWQiOjN9.GX2zlKrEooYTlsN5R6B_IhAppwDlZDw7_1U-Z88ekek	2025-03-25 15:35:27.860408+00	2025-03-26 15:35:27+00	3	f2805cd6b94d4777aeebd73f86ddaef1
3	eyJhbGciOiJIUzI1NiIsInR5cCI6IkpXVCJ9.eyJ0b2tlbl90eXBlIjoicmVmcmVzaCIsImV4cCI6MTc0MzAwMzMzNCwiaWF0IjoxNzQyOTE2OTM0LCJqdGkiOiIzZmRhM2FhYWM4ODM0YzQ2YjdmOGIzZDE4NGRiNWMyOCIsInVzZXJfaWQiOjN9.VrPwI37aZQNm-IY0fnLSZMeTeT0mxLQ5IpOZfYsD94o	2025-03-25 15:35:34.67071+00	2025-03-26 15:35:34+00	3	3fda3aaac8834c46b7f8b3d184db5c28
4	eyJhbGciOiJIUzI1NiIsInR5cCI6IkpXVCJ9.eyJ0b2tlbl90eXBlIjoicmVmcmVzaCIsImV4cCI6MTc0MzAwMzgzMSwiaWF0IjoxNzQyOTE3NDMxLCJqdGkiOiIyNWM4YWY1OGM5OGM0Y2I1YWE1MWZhNjI2MDQzMTJlZSIsInVzZXJfaWQiOjN9.br3ZbiGxSK6GrkC8cb7K8w9Uy9ou665vDTOeTSu64uo	2025-03-25 15:43:51.033705+00	2025-03-26 15:43:51+00	3	25c8af58c98c4cb5aa51fa62604312ee
5	eyJhbGciOiJIUzI1NiIsInR5cCI6IkpXVCJ9.eyJ0b2tlbl90eXBlIjoicmVmcmVzaCIsImV4cCI6MTc0MzAwNDAzNywiaWF0IjoxNzQyOTE3NjM3LCJqdGkiOiJkNDRkNDc4NmM2NjU0NTJmYTQzMDMwYzFhMDFhODM0ZiIsInVzZXJfaWQiOjN9.ic8u2JbcAJQvYY0YUjtgGdXxkC-M3fCiHkZJdnTSr6A	2025-03-25 15:47:17.074059+00	2025-03-26 15:47:17+00	3	d44d4786c665452fa43030c1a01a834f
6	eyJhbGciOiJIUzI1NiIsInR5cCI6IkpXVCJ9.eyJ0b2tlbl90eXBlIjoicmVmcmVzaCIsImV4cCI6MTc0MzAwNDczNSwiaWF0IjoxNzQyOTE4MzM1LCJqdGkiOiI2NGNjY2FiMTE0NDE0OGE1OTZlOGFjYzY3NmY4ODIzMCIsInVzZXJfaWQiOjN9.rkM_kcHx6VzDc3--sdbucciDuUMPOpN619y-9d6VOQ8	2025-03-25 15:58:55.402764+00	2025-03-26 15:58:55+00	3	64cccab1144148a596e8acc676f88230
7	eyJhbGciOiJIUzI1NiIsInR5cCI6IkpXVCJ9.eyJ0b2tlbl90eXBlIjoicmVmcmVzaCIsImV4cCI6MTc0MzAwNDk0OSwiaWF0IjoxNzQyOTE4NTQ5LCJqdGkiOiIzMmViMGUwN2E1MTA0NzJkOTM1OTlkZjUwZDlkZDc5YSIsInVzZXJfaWQiOjN9.GZXkAhpxbcR4WbFOEVysferurW--gLICHMsl0TQdPsM	2025-03-25 16:02:29.755125+00	2025-03-26 16:02:29+00	3	32eb0e07a510472d93599df50d9dd79a
8	eyJhbGciOiJIUzI1NiIsInR5cCI6IkpXVCJ9.eyJ0b2tlbl90eXBlIjoicmVmcmVzaCIsImV4cCI6MTc0MzAwNTUyNywiaWF0IjoxNzQyOTE5MTI3LCJqdGkiOiI0MmYzZTU0YmQyZTI0Yjc0YjRhYzcyMTU2MDg3OWY5YSIsInVzZXJfaWQiOjN9.G_w53zuJTi5L-zBwEzWTZgYm_VgjIBqjLh8zMQmop6U	2025-03-25 16:12:07.701482+00	2025-03-26 16:12:07+00	3	42f3e54bd2e24b74b4ac721560879f9a
9	eyJhbGciOiJIUzI1NiIsInR5cCI6IkpXVCJ9.eyJ0b2tlbl90eXBlIjoicmVmcmVzaCIsImV4cCI6MTc0MzAwOTI4MCwiaWF0IjoxNzQyOTIyODgwLCJqdGkiOiIzZTRjNDVlN2I0MzI0MzVjYjM4YzA2MThiZjFiMTgwZSIsInVzZXJfaWQiOjN9.GxnUva6hOmBw8KuUKjsI4f5IK24KuuQLHxHKD0PHPwA	2025-03-25 17:14:40.679445+00	2025-03-26 17:14:40+00	3	3e4c45e7b432435cb38c0618bf1b180e
10	eyJhbGciOiJIUzI1NiIsInR5cCI6IkpXVCJ9.eyJ0b2tlbl90eXBlIjoicmVmcmVzaCIsImV4cCI6MTc0MzAwOTg2OCwiaWF0IjoxNzQyOTIzNDY4LCJqdGkiOiIyNzkxOTRiYTJjNWE0YmM4OTdlOTk4ZjYwNGJlNjdhNCIsInVzZXJfaWQiOjN9.VWLHu-CkeTmU2azRxq3nF4psVCy4rvVYXycdccfyb4k	2025-03-25 17:24:28.324024+00	2025-03-26 17:24:28+00	3	279194ba2c5a4bc897e998f604be67a4
11	eyJhbGciOiJIUzI1NiIsInR5cCI6IkpXVCJ9.eyJ0b2tlbl90eXBlIjoicmVmcmVzaCIsImV4cCI6MTc0NDkxMTk5NCwiaWF0IjoxNzQ0ODI1NTk0LCJqdGkiOiJmZDYwNWI2MWEyYjk0OGVmODkzYTRiM2RjMDc2ODcxZiIsInVzZXJfaWQiOjN9.e5064wtkRMG_IAZNTsL-dw0ZV-FWhWu75M3ZctzOkiI	2025-04-16 17:46:34.307447+00	2025-04-17 17:46:34+00	3	fd605b61a2b948ef893a4b3dc076871f
12	eyJhbGciOiJIUzI1NiIsInR5cCI6IkpXVCJ9.eyJ0b2tlbl90eXBlIjoicmVmcmVzaCIsImV4cCI6MTc0NDkxMjIxNCwiaWF0IjoxNzQ0ODI1ODE0LCJqdGkiOiJjMjFiYzdhZDkyMjY0YTcyODc0YzA0NDdkNDgxMjAwOSIsInVzZXJfaWQiOjN9.ubUrwFVHlO-WS06hpzWM_I3n2bUxK4dy5-HSnDHYtm4	2025-04-16 17:50:14.829483+00	2025-04-17 17:50:14+00	3	c21bc7ad92264a72874c0447d4812009
13	eyJhbGciOiJIUzI1NiIsInR5cCI6IkpXVCJ9.eyJ0b2tlbl90eXBlIjoicmVmcmVzaCIsImV4cCI6MTc0NDkxMjczMCwiaWF0IjoxNzQ0ODI2MzMwLCJqdGkiOiI2MWE1YjA5M2YzMmM0YTc1YjIxN2QxMzVkYWQ0ODYxMSIsInVzZXJfaWQiOjN9.KJl3r6bMQTRO8LNsawxzrj0q-VEKj2ypqsvwHGr9wDo	2025-04-16 17:58:50.890447+00	2025-04-17 17:58:50+00	3	61a5b093f32c4a75b217d135dad48611
14	eyJhbGciOiJIUzI1NiIsInR5cCI6IkpXVCJ9.eyJ0b2tlbl90eXBlIjoicmVmcmVzaCIsImV4cCI6MTc0NDkxMzE5MywiaWF0IjoxNzQ0ODI2NzkzLCJqdGkiOiJkN2MxMzYyNjUwZGU0ODZjYmFhZGQ2NmYyODVmMzEzMyIsInVzZXJfaWQiOjYyfQ.UWlxrcyscDagZAzbGuo9i7ajIkpijBtJUREDxtChkrA	2025-04-16 18:06:33.505305+00	2025-04-17 18:06:33+00	62	d7c1362650de486cbaadd66f285f3133
15	eyJhbGciOiJIUzI1NiIsInR5cCI6IkpXVCJ9.eyJ0b2tlbl90eXBlIjoicmVmcmVzaCIsImV4cCI6MTc0NDkxMzIzNCwiaWF0IjoxNzQ0ODI2ODM0LCJqdGkiOiJkM2Q4NGRkOGM3Mzg0ZDhkYTFlY2ViNGMxY2VmOTA3YSIsInVzZXJfaWQiOjYyfQ.i4qF5pxfjbNtWTyhKyNSR8I3DHWhex67Twtv9XxmBQ4	2025-04-16 18:07:14.10791+00	2025-04-17 18:07:14+00	62	d3d84dd8c7384d8da1eceb4c1cef907a
16	eyJhbGciOiJIUzI1NiIsInR5cCI6IkpXVCJ9.eyJ0b2tlbl90eXBlIjoicmVmcmVzaCIsImV4cCI6MTc0NDkxMzM4MSwiaWF0IjoxNzQ0ODI2OTgxLCJqdGkiOiJmYzdlOGU3YWY3NWI0NGExODhiZDcxZDk4ZjMzZmUyNiIsInVzZXJfaWQiOjYyfQ.48SEZTk8vux6hoNzyB3zLSRYWjSfQlk0h1MnZsDOoG4	2025-04-16 18:09:41.128754+00	2025-04-17 18:09:41+00	62	fc7e8e7af75b44a188bd71d98f33fe26
17	eyJhbGciOiJIUzI1NiIsInR5cCI6IkpXVCJ9.eyJ0b2tlbl90eXBlIjoicmVmcmVzaCIsImV4cCI6MTc0NDkxMzM4MSwiaWF0IjoxNzQ0ODI2OTgxLCJqdGkiOiIyNzIwZTA3NjhlZTg0MDM0OWYzZTg5NDcyN2U5NTA2YyIsInVzZXJfaWQiOjYyfQ.yowCB4yrDjz66rq3qj9xZFto9lJ_ofMkqAMI03N_HDo	2025-04-16 18:09:41.137227+00	2025-04-17 18:09:41+00	62	2720e0768ee840349f3e894727e9506c
18	eyJhbGciOiJIUzI1NiIsInR5cCI6IkpXVCJ9.eyJ0b2tlbl90eXBlIjoicmVmcmVzaCIsImV4cCI6MTc0NDkxMzQyNiwiaWF0IjoxNzQ0ODI3MDI2LCJqdGkiOiIzNjY4NjA2NjE4NTM0ODQ4YTA5MjVmNzZhMjBmYTcxZCIsInVzZXJfaWQiOjYyfQ.nHYe6tRATgXKGT-f-Iw4lCONTQNHhFTprwVGo-sjW10	2025-04-16 18:10:26.296765+00	2025-04-17 18:10:26+00	62	3668606618534848a0925f76a20fa71d
19	eyJhbGciOiJIUzI1NiIsInR5cCI6IkpXVCJ9.eyJ0b2tlbl90eXBlIjoicmVmcmVzaCIsImV4cCI6MTc0NDkxMzQ0NywiaWF0IjoxNzQ0ODI3MDQ3LCJqdGkiOiI1NTRmYWVhYzE1ODU0MzEwOGViZTUwYTdiMmRmZjNmMyIsInVzZXJfaWQiOjYyfQ.lp-izIsT9to58T6dpjJWGbJmdRcsl_09fM0bXVmVakc	2025-04-16 18:10:47.742626+00	2025-04-17 18:10:47+00	62	554faeac158543108ebe50a7b2dff3f3
20	eyJhbGciOiJIUzI1NiIsInR5cCI6IkpXVCJ9.eyJ0b2tlbl90eXBlIjoicmVmcmVzaCIsImV4cCI6MTc0NDkxNDgyOCwiaWF0IjoxNzQ0ODI4NDI4LCJqdGkiOiJjODQ1ODk5M2U1Yzc0ZmMzYjU2YjU1NWM5MjRlZTdhYSIsInVzZXJfaWQiOjYyfQ.bxX2wt-YZ-oCRlvSiHoYTcwy2n0MCHkytGjE_Ijjd5M	2025-04-16 18:33:48.435836+00	2025-04-17 18:33:48+00	62	c8458993e5c74fc3b56b555c924ee7aa
21	eyJhbGciOiJIUzI1NiIsInR5cCI6IkpXVCJ9.eyJ0b2tlbl90eXBlIjoicmVmcmVzaCIsImV4cCI6MTc0NDkxNDgzOCwiaWF0IjoxNzQ0ODI4NDM4LCJqdGkiOiI0ZjAwNzdiYmEwYzg0ZDBlOWVlZDY3ZjhlNGYxNzlhMyIsInVzZXJfaWQiOjYyfQ.buc0KSPmb2ZJ_tg1jDT2NLLO0flLoVBb1fY2VWLb-3Y	2025-04-16 18:33:58.03722+00	2025-04-17 18:33:58+00	62	4f0077bba0c84d0e9eed67f8e4f179a3
22	eyJhbGciOiJIUzI1NiIsInR5cCI6IkpXVCJ9.eyJ0b2tlbl90eXBlIjoicmVmcmVzaCIsImV4cCI6MTc0NDkxNDkzNCwiaWF0IjoxNzQ0ODI4NTM0LCJqdGkiOiJkODA1NzFhNjU4ZGI0ZDkxOTRlZjA3OGFhMmEyM2NkZSIsInVzZXJfaWQiOjYyfQ.Fj1TaTzKNpGzQNnr0w20Te1lo9q2ykw6SdUSe-pqNxI	2025-04-16 18:35:34.090315+00	2025-04-17 18:35:34+00	62	d80571a658db4d9194ef078aa2a23cde
23	eyJhbGciOiJIUzI1NiIsInR5cCI6IkpXVCJ9.eyJ0b2tlbl90eXBlIjoicmVmcmVzaCIsImV4cCI6MTc0NDkxNDkzOCwiaWF0IjoxNzQ0ODI4NTM4LCJqdGkiOiI4MTM4Yjc4NDcxOTk0MmEzYjczNzdkYTQwYmQ0MzZmMyIsInVzZXJfaWQiOjYyfQ.u5EHFsoqGSodX4lMjvHpDgCgopArSxtNJP6ftmvvCrY	2025-04-16 18:35:38.873525+00	2025-04-17 18:35:38+00	62	8138b784719942a3b7377da40bd436f3
24	eyJhbGciOiJIUzI1NiIsInR5cCI6IkpXVCJ9.eyJ0b2tlbl90eXBlIjoicmVmcmVzaCIsImV4cCI6MTc0NDkxNDk4MSwiaWF0IjoxNzQ0ODI4NTgxLCJqdGkiOiJhZjFjN2Y0ZjE2OTg0N2FmYWRmYzhmNjkyYzc0MDgxZiIsInVzZXJfaWQiOjYyfQ.9GX9ofkK6u5_CbQw4QuSNzbKLAyp71fhmQY2_Qx4KTg	2025-04-16 18:36:21.755397+00	2025-04-17 18:36:21+00	62	af1c7f4f169847afadfc8f692c74081f
25	eyJhbGciOiJIUzI1NiIsInR5cCI6IkpXVCJ9.eyJ0b2tlbl90eXBlIjoicmVmcmVzaCIsImV4cCI6MTc0NDkxNTE2MywiaWF0IjoxNzQ0ODI4NzYzLCJqdGkiOiIyNzQ1MTc3OTNhM2Q0NDU1ODVjZmViODk5ZDAzMzhiNCIsInVzZXJfaWQiOjYyfQ.7SHGMj3UWxeR84fl3j-mMy8dN1USOr3g_IHLa0_CkyY	2025-04-16 18:39:23.28652+00	2025-04-17 18:39:23+00	62	274517793a3d445585cfeb899d0338b4
26	eyJhbGciOiJIUzI1NiIsInR5cCI6IkpXVCJ9.eyJ0b2tlbl90eXBlIjoicmVmcmVzaCIsImV4cCI6MTc0NDkxNTIyOCwiaWF0IjoxNzQ0ODI4ODI4LCJqdGkiOiJkZDZmMGIwOGY4NzM0NzBmYWI1ODA1MjhhNWYyMzA5NiIsInVzZXJfaWQiOjYyfQ.GAjSfXHfAZ5_RL9k5tkxxabNDlky80DG-bf4JqQ6LPM	2025-04-16 18:40:28.544615+00	2025-04-17 18:40:28+00	62	dd6f0b08f873470fab580528a5f23096
27	eyJhbGciOiJIUzI1NiIsInR5cCI6IkpXVCJ9.eyJ0b2tlbl90eXBlIjoicmVmcmVzaCIsImV4cCI6MTc0OTk0OTkxNSwiaWF0IjoxNzQ5ODYzNTE1LCJqdGkiOiI1YmZhYjIwZDFmZmQ0MzZlOTc5ZjZlZDliMDcyZTRiZiIsInVzZXJfaWQiOjcyfQ.GQSgz_t4AT2gIYNYw_6zdBBEI2veHAgvXSlmPO4MZVE	2025-06-14 01:11:55.463949+00	2025-06-15 01:11:55+00	72	5bfab20d1ffd436e979f6ed9b072e4bf
28	eyJhbGciOiJIUzI1NiIsInR5cCI6IkpXVCJ9.eyJ0b2tlbl90eXBlIjoicmVmcmVzaCIsImV4cCI6MTc0OTk1MDA1MiwiaWF0IjoxNzQ5ODYzNjUyLCJqdGkiOiJlYmVlYzAzNzhjNjU0YTk3OGY0YmJmNzgyNDIzZGEzZCIsInVzZXJfaWQiOjczfQ.qMTL0T-0wDOFb7rSHqIKpQ6qAV0wx6jlKzzsJHJYyZM	2025-06-14 01:14:12.540416+00	2025-06-15 01:14:12+00	73	ebeec0378c654a978f4bbf782423da3d
\.


--
-- Data for Name: tracks; Type: TABLE DATA; Schema: public; Owner: postgres
--

COPY public.tracks (trackid, name) FROM stdin;
1	AI
2	Web development
3	Network
4	Mobile app development
5	Data Science
6	Data Engineering
7	Cybersecurity
8	Robotics
\.


--
-- Data for Name: users_customuser; Type: TABLE DATA; Schema: public; Owner: postgres
--

COPY public.users_customuser (id, username, first_name, last_name, email, phone, photo, join_date, password, is_superuser, is_staff, is_active, date_joined, last_login, birthdate, gender, location, profile_picture_url, created_at, updated_at, disability_type, interest, level) FROM stdin;
1	newuser	First	Last	newuser@example.com	1234567890	https://images.pexels.com/photos/1391498/pexels-photo-1391498.jpeg?auto=compress&cs=tinysrgb&w=600	2024-09-08 14:46:42.84399+00	password_hash	f	f	t	2024-09-08 14:46:42.84399+00	\N	\N	\N	\N	\N	2024-12-21 09:28:55.952054	2024-12-21 09:31:16.955879	none	\N	\N
2	shahd	Shahd	Elagamy	s.m.elmohamady@gmail.com	1013577302	\N	2024-12-21 09:37:32.606453+00	pbkdf2_sha256$870000$6EekkMExMs4TLdezvFD831$Kk9ta/axCOf6djQHwD22M2tEO+ksmbU0MTg6WB3oBqw=	f	f	t	2024-12-21 07:37:32.606453+00	\N	2003-05-11	Female	Egypt	https://encrypted-tbn0.gstatic.com/images?q=tbn:ANd9GcR7dNDPgZxTy5GgoVSVc1EyLXX7LMawCrzLSw&s	2024-12-21 07:37:33.370387	2024-12-21 07:37:33.370387	none	\N	\N
14	try10	try	try	t.elmohamady@gmail.com	1013577302	profile_pics/_f638ba0e-d97a-455c-a56a-d769568bc213.jpeg	2024-12-24 22:14:36.982835+00	pbkdf2_sha256$870000$K4IGBJhXlqkqnQzzWlVaPX$wtknqP3qqEZo3vw9VaQGcXaADBrnR/cmMhoez1nDaM4=	f	f	t	2024-12-24 20:14:36.982835+00	2024-12-24 20:15:49.380749+00	2003-05-11	Female	Egypt	\N	2024-12-24 20:14:39.696366	2024-12-24 20:14:39.696366	none	\N	\N
25	test15			test15@gmail.com	\N		2025-01-30 17:16:19.221614+00	pbkdf2_sha256$870000$pzpzRbz9yqeEYI5k4QUuyp$sMfv/ver4A7RbMDKnrcdRGNjuxl/9Sx8RWqc+gtOn0g=	f	f	t	2025-01-30 15:16:19.221614+00	\N	\N	\N	\N	\N	2025-01-30 17:16:19.221614	2025-01-30 15:16:21.380203	none	\N	\N
26	test16			test16@gmail.com	\N		2025-01-30 17:24:53.606793+00	pbkdf2_sha256$870000$C7a3Sbvl3g9hImjtMllitt$mRu6W7tOR/z5HcjYC6IXt1QOI9Ff5ySwCFYJfOYVoVQ=	f	f	t	2025-01-30 15:24:53.606793+00	\N	\N	\N	\N	\N	2025-01-30 17:24:53.606793	2025-01-30 15:24:54.809444	none	\N	\N
27	test17			test17@gmail.com	\N		2025-01-30 17:50:31.232242+00	pbkdf2_sha256$870000$jeqYwjQR2QHQFdrygix9P2$QqyUioFBdjHJyKHzJNXmr/+ehjxGvWaGRz36Ce2ome0=	f	f	t	2025-01-30 15:50:31.232242+00	\N	\N	\N	\N	\N	2025-01-30 17:50:31.232242	2025-01-30 15:50:32.819479	none	\N	\N
28	test18			test18@gmail.com	\N		2025-01-30 18:01:43.645113+00	pbkdf2_sha256$870000$XWLdB9dMqhpb6mjm5MGQgf$rnw+wWee93GFieDX20JfMErV362et2KxPXeGkrGtXKA=	f	f	t	2025-01-30 16:01:43.645113+00	\N	\N	\N	\N	\N	2025-01-30 18:01:43.645113	2025-01-30 16:01:45.793483	none	\N	\N
4	amr	Amr	Elagamy	amr@gmail.com	1013577302	\N	2024-12-22 17:09:55.012608+00	pbkdf2_sha256$870000$jX3nnOdO272pJdX4m0KmhX$0i4hOk61D9exePL7xEItYwMyt96X3znCj+6fEb6ISgo=	f	f	t	2024-12-22 15:09:55.012608+00	\N	2003-05-11	Male	egypt	https://encrypted-tbn0.gstatic.com/images?q=tbn:ANd9GcR7dNDPgZxTy5GgoVSVc1EyLXX7LMawCrzLSw&s	2024-12-22 15:09:56.937797	2024-12-22 15:09:56.937797	none	\N	\N
16	try	try	try	try.elmohamady@gmail.com	\N		2025-01-28 09:29:14.32976+00		f	f	t	2025-01-28 07:29:14.32976+00	\N	2001-01-30	\N	\N	\N	2025-01-28 07:29:14.32976	2025-01-28 07:29:14.32976	none	\N	\N
5	mariam	mariam	mohamed	m@gmail.com	1013577302	\N	2024-12-22 17:26:40.931082+00	pbkdf2_sha256$870000$oSilxERyCuO4dhTYa7Rw8M$9/dZz7oAEq2R+jD7PVv3Oa7kaZ2vMt9kcmoYvlz5zeM=	f	f	t	2024-12-22 15:26:40.931082+00	\N	2003-05-11	Female	Egypt	https://encrypted-tbn0.gstatic.com/images?q=tbn:ANd9GcR7dNDPgZxTy5GgoVSVc1EyLXX7LMawCrzLSw&s	2024-12-22 15:26:43.006823	2024-12-22 15:26:43.006823	none	\N	\N
29	test19			test19@gmail.com	\N		2025-01-30 18:29:14.168758+00	pbkdf2_sha256$870000$rEPmzw9rkqh8iccFBPn7MB$0ARPHtFpfzxliDlS73Hux6k8ShfIKEz0fxHRW1ZslQc=	f	f	t	2025-01-30 16:29:14.168758+00	\N	\N	\N	\N	\N	2025-01-30 18:29:14.168758	2025-01-30 16:29:15.377788	none	\N	\N
30	test20			test20@gmail.com	\N		2025-01-30 18:30:47.390134+00	pbkdf2_sha256$870000$eXZxLRb2e0zdvWW2grmy8k$NXlxaq/NsObNM+uVHWQOf1dCYHomIh6XmQ8zfjChIXE=	f	f	t	2025-01-30 16:30:47.390134+00	\N	\N	\N	\N	\N	2025-01-30 18:30:47.390134	2025-01-30 16:30:48.390382	none	\N	\N
31	test21			test21@gmail.com	\N		2025-01-30 18:35:20.655569+00	pbkdf2_sha256$870000$wYYDvKGEqdBtkVXkQcxVdb$qsDodMgCoJM21F2F+mkAunGBWCfjOQps+aFxgMssbZM=	f	f	t	2025-01-30 16:35:20.655569+00	\N	\N	\N	\N	\N	2025-01-30 18:35:20.655569	2025-01-30 16:35:22.319528	none	\N	\N
32	hahaha			hahaha@gmail.com	\N		2025-01-30 19:11:10.607888+00	pbkdf2_sha256$870000$8MGQHX5DwIK79UrLOC2CRf$JDkOssmG4XJ9myLGH1Xp3yFuSouGnvEEVzBeJf7hD6w=	f	f	t	2025-01-30 17:11:10.607888+00	\N	\N	\N	\N	\N	2025-01-30 19:11:10.607888	2025-01-30 17:11:12.88693	none	\N	\N
33	test22			test22@gmail.com	\N		2025-01-30 19:16:57.801794+00	pbkdf2_sha256$870000$3Aljfv2lG7CNITQBbuQ6g5$TBYMWaKX0WeteNXrPQlChmJnc5v3HuaUs+JmLCgX4jo=	f	f	t	2025-01-30 17:16:57.801794+00	\N	\N	\N	\N	\N	2025-01-30 19:16:57.801794	2025-01-30 17:16:59.435288	none	\N	\N
9	sama			sama.elmohamady@gmail.com	1013577302	profile_pics/_617a45a3-1976-431b-9b11-88e37bcdafbc.jpeg	2024-12-24 11:47:16.888854+00	pbkdf2_sha256$870000$YHvu6TJsx02gfZDMD4XCn8$Eg0aGV9VvvbdKV9FHHat71jasa9+w23BeAUPCmffMUc=	f	f	t	2024-12-24 09:47:16.888854+00	\N	\N	\N	\N	\N	2024-12-24 09:47:19.335052	2024-12-24 09:47:19.335052	none	\N	\N
10				ss@gmail.com	1013577302	profile_pics/_477bcea1-967f-432c-929e-e50cbd96dad2.jpeg	2024-12-24 11:52:33.77238+00	pbkdf2_sha256$870000$aHHEDv16JLupKcnU3yIEkA$7pmqRdE2V7lOiGqhwa4RJx/J3UL4eo+YTv90LyQAymY=	f	f	t	2024-12-24 09:52:33.77238+00	\N	2003-05-11	Female	egypt	\N	2024-12-24 09:52:36.203186	2024-12-24 09:52:36.203186	none	\N	\N
11	shahd2	shahd	Elagamy	sss@gmail.com	1013577302	profile_pics/_d1965426-4490-4a15-9256-59b8fe0a7c4f.jpeg	2024-12-24 11:54:14.651557+00	pbkdf2_sha256$870000$5bTrDWmpeHsnl9kD3W0fEn$25lJ9pMYAZgTTJUC3KxnUnw6kNHx9oKqpO7BkUFbQWM=	f	f	t	2024-12-24 09:54:14.651557+00	2024-12-24 09:55:17.472278+00	\N	Female	egypt	\N	2024-12-24 09:54:17.555171	2024-12-24 09:54:17.555171	none	\N	\N
12	try222	try	try	try2@gmail.com	1013577302	profile_pics/_35155dc6-3948-4838-b749-4adcc7cdc132.jpeg	2024-12-24 13:18:03.877016+00	pbkdf2_sha256$870000$2OPWNKvL0S8XTDytiinKyf$j6KaxIUanYAfRHHnyCpg1gX8Sw55mzeE1eLycx7io0k=	f	f	t	2024-12-24 11:18:03.877016+00	\N	2003-05-11	Female	Egypt	\N	2024-12-24 11:18:04.763255	2024-12-24 11:18:04.763255	none	\N	\N
13	test	test	test	test@gmail.com	1013577302	profile_pics/_82bdd285-31d3-4a80-89d1-bed9e094c2f9.jpeg	2024-12-24 13:19:43.783786+00	pbkdf2_sha256$870000$zjYDsmTGGxyzmdqNJIOe2U$WfFWuFCYBMqjl7tML6z2bGeo7eaCqknZHVsbtaTVp7Q=	f	f	t	2024-12-24 11:19:43.783786+00	\N	\N	Female	egypt	\N	2024-12-24 11:19:44.616219	2024-12-24 11:19:44.616219	none	\N	\N
18	testing			testing@gmail.com	\N		2025-01-30 10:02:31.46803+00	pbkdf2_sha256$870000$8p7cKFF8vwQCDX6ZW9v8zc$M2sfVSxHEiwTBGOpQqwTb9kHokdJWRlVd4ARYvd3bQ4=	f	f	t	2025-01-30 08:02:31.46803+00	2025-01-30 08:06:06.488086+00	\N	\N	\N	\N	2025-01-30 10:02:31.46803	2025-01-30 08:02:33.256237	none	\N	\N
19	shahoda			shahoda@gmail.com	\N		2025-01-30 14:16:02.607484+00	pbkdf2_sha256$870000$kMI3LZI6N33fnCiLcbBh5J$Onc0CiSQq5J7MTdqxuqQWa363fxB3etNM1I6wgMFwRg=	f	f	t	2025-01-30 12:16:02.607484+00	\N	\N	\N	\N	\N	2025-01-30 14:16:02.607484	2025-01-30 12:16:03.776985	none	\N	\N
34	test23			test23@gmail.com	\N		2025-01-30 19:31:27.748895+00	pbkdf2_sha256$870000$FuAdDrsrS2WVdtbn88nSid$f2pGsjuz0g/DfXutE/A1nKf1YPARk3a1y4qPczQJANI=	f	f	t	2025-01-30 17:31:27.748895+00	\N	\N	\N	\N	\N	2025-01-30 19:31:27.748895	2025-01-30 17:31:29.907152	none	\N	\N
20	test10			test10@gmail.com	\N		2025-01-30 16:37:03.8617+00	pbkdf2_sha256$870000$TKDHBizuoUQb2BBE2YrB2G$46S732Bk5Y8rQ2vMbXUavMiNHD1RGVg4TKa0Y0HeWc8=	f	f	t	2025-01-30 14:37:03.8617+00	\N	\N	\N	\N	\N	2025-01-30 16:37:03.8617	2025-01-30 14:37:06.419953	none	\N	\N
21	test11			test11@gmail.com	\N		2025-01-30 16:40:34.120828+00	pbkdf2_sha256$870000$GTf5dxynNOdIzM0t4vhMu2$RXuaIoOPSLR/jbfzwTYmrsS22fj6CiaUH5Ahc67p4kI=	f	f	t	2025-01-30 14:40:34.120828+00	\N	\N	\N	\N	\N	2025-01-30 16:40:34.120828	2025-01-30 14:40:36.20533	none	\N	\N
22	test12			test12@gmail.com	\N		2025-01-30 16:51:37.336474+00	pbkdf2_sha256$870000$2DA54eBXNMSz3QBXkRvXoO$A7xYFA9x6ZVLxG258HL7k6Q25AdfGhRhoQ/OuA901Pw=	f	f	t	2025-01-30 14:51:37.336474+00	\N	\N	\N	\N	\N	2025-01-30 16:51:37.336474	2025-01-30 14:51:39.3543	none	\N	\N
23	test13			test13@gmail.com	\N		2025-01-30 16:54:41.296791+00	pbkdf2_sha256$870000$AMtzBrT8LP2yt9CnoIiWzM$hie/BR8UQpADCRl5qIk4E4yQeS2EkKs8/h0TTuC5bXM=	f	f	t	2025-01-30 14:54:41.296791+00	\N	\N	\N	\N	\N	2025-01-30 16:54:41.296791	2025-01-30 14:54:43.328975	none	\N	\N
24	test14			test14@gmail.com	\N		2025-01-30 17:08:04.015586+00	pbkdf2_sha256$870000$BaPM5MHRJBHiAx8flcuuJ0$iwQSkAHE9YFZhMWJFS2o7U3OmY73MSRtCaK2tYR80R8=	f	f	t	2025-01-30 15:08:04.015586+00	\N	\N	\N	\N	\N	2025-01-30 17:08:04.015586	2025-01-30 15:08:06.64525	none	\N	\N
36	test26			test26@gmail.com	\N		2025-01-31 10:57:34.24784+00	pbkdf2_sha256$870000$XSPrNujsWYkCW0pT5QzDYg$zMafrSX1JDNxg0J7KXpsyt3rBpiL7on7pWpr0I1tLN0=	f	f	t	2025-01-31 08:57:34.24784+00	\N	\N	\N	\N	\N	2025-01-31 10:57:34.24784	2025-01-31 08:57:35.068163	none	\N	\N
35	test25			test25@gmail.com	\N		2025-01-31 10:35:46.371147+00	pbkdf2_sha256$870000$MWC4GvrNFYvmcqQffEUMKa$vBzQ4H5kVGcc16lu2aQmwM4/HlC9IB7nLb0idIMVmP0=	f	f	t	2025-01-31 08:35:46.371147+00	\N	\N	\N	\N	\N	2025-01-31 10:35:46.371147	2025-01-31 08:35:48.470488	none	\N	\N
17	haha			haha.hehe@gmail.com	\N	profile_photos/Untitled_d4KbjJd.png	2025-01-29 15:01:19.149676+00	pbkdf2_sha256$870000$sCEJ9ILPugZXepNmhX9LPw$Apdfi8i2nmJ3PHodPBgM+IdXln4UHJq+ryj42W4NCbQ=	f	f	t	2025-01-29 15:01:19.149676+00	2025-01-30 17:55:47.658321+00	\N	\N	\N	\N	2025-01-29 15:01:21.361343	2025-01-29 15:01:21.361343	none	\N	\N
37	testttttt			testttttt@gmail.com	\N		2025-02-10 16:13:41.199359+00		f	f	t	2025-02-10 14:13:41.199359+00	\N	\N	\N	\N	\N	2025-02-10 14:13:41.294208	2025-02-10 14:13:41.294208	none	\N	\N
38	test2025			test2025@gmail.com	\N		2025-02-12 10:28:03.248711+00	pbkdf2_sha256$870000$H2FKYX2tPYWS32PyZmjR94$Ro+EnhK3b1XTiaNOVs7sRAfaLzJyelriTopY5XyLHnI=	f	f	t	2025-02-12 08:28:03.248711+00	\N	\N	\N	\N	\N	2025-02-12 08:28:04.069962	2025-02-12 08:28:04.069962	none	\N	\N
39	test2-2025			test2-2025@gmail.com	\N		2025-02-12 10:30:00.696727+00	pbkdf2_sha256$870000$rEWno33Ib3DjZeTHZRowVz$22eV1A1pPbbDZ/9PGN8HaOTL7Ouu8+PHQ3J47rmnAps=	f	f	t	2025-02-12 08:30:00.696727+00	\N	\N	\N	\N	\N	2025-02-12 08:30:01.602637	2025-02-12 08:30:01.602637	none	\N	\N
40	test12-2			test12-2@gmail.com	\N		2025-02-12 10:34:37.613584+00	pbkdf2_sha256$870000$N7MbiMhsJO1ovFLo1bwh63$imZekUfKdRSIUoH+UrOjGAGIrSJLGYHLpo0VUAylPNo=	f	f	t	2025-02-12 08:34:37.613584+00	\N	\N	\N	\N	\N	2025-02-12 08:34:38.590211	2025-02-12 08:34:38.590211	none	\N	\N
41	testing12-2			testing12-2@gmail.com	\N		2025-02-12 10:36:07.807619+00	pbkdf2_sha256$870000$8gjndhrlmgozoy7d4ZsVKI$5IB0f2zlzY6EJylU8TrFvW4zxmhWPlE0/0KH0xz43L8=	f	f	t	2025-02-12 08:36:07.807619+00	\N	\N	\N	\N	\N	2025-02-12 08:36:08.662224	2025-02-12 08:36:08.662224	none	\N	\N
42	testing12			testing12@gmail.com	\N		2025-02-12 10:37:19.02346+00	pbkdf2_sha256$870000$VX6lauJoizdhC5f3IRkvBQ$CXQOsVE7r6EgmZrldgwTuURlD55k0YRwwyHYwaSs3GE=	f	f	t	2025-02-12 08:37:19.02346+00	\N	\N	\N	\N	\N	2025-02-12 08:37:20.068828	2025-02-12 08:37:20.068828	none	\N	\N
43	testingggg			testingggg@gmail.com	\N		2025-02-12 10:41:01.247927+00	pbkdf2_sha256$870000$B4BWDIXF8QliYOv9CGqvKL$eF14SqjANqR1v+FUKV2e+BrV6pI6nozmnZtXQ53xk5A=	f	f	t	2025-02-12 08:41:01.247927+00	\N	\N	\N	\N	\N	2025-02-12 08:41:02.204101	2025-02-12 08:41:02.204101	none	\N	\N
44	testingshahd			testingshahd@gmail.com	\N		2025-02-12 13:55:55.922796+00	pbkdf2_sha256$870000$Y1lFtjp9bjL8qwuA69rgyE$XRb16lNcytiyVtCW+hZWn/qnJ9cnIasml6qJ/ZiHqcs=	f	f	t	2025-02-12 11:55:55.922796+00	\N	\N	\N	\N	\N	2025-02-12 11:55:58.293942	2025-02-12 11:55:58.309268	visual	\N	\N
45	testingtry			testingtry@gmail.com	\N		2025-02-12 14:02:09.68606+00	pbkdf2_sha256$870000$xn6aHBSRDEd0tn3XgSk6km$zcqrSe5efr+qxtEw6aBzdH5r5Q7cYIHrYQJO6ozgzCM=	f	f	t	2025-02-12 12:02:09.68606+00	\N	\N	\N	\N	\N	2025-02-12 12:02:11.367492	2025-02-12 12:02:11.375724	physical	\N	\N
46	shahd122			shahd122@gmail.com	\N		2025-02-12 14:32:54.173809+00	pbkdf2_sha256$870000$tFt1HclKjPjM3D5VCRfxFp$EGKmjZkkHMp2yfsL2c8898yv5J97GBJtTR7ourpvGzM=	f	f	t	2025-02-12 12:32:54.173809+00	\N	\N	\N	\N	\N	2025-02-12 12:32:57.352018	2025-02-12 12:32:57.36617	visual	Web development	\N
52	shosho	Shahd	Elagamy	shahd.m.elmohamady@gmail.com	1013577302	profile_pics/Untitled.png	2025-02-13 10:04:06.353958+00	pbkdf2_sha256$870000$sKadHE6s5kFsx7sgCGPBjS$q+dBHqxqewCqHzBMsx6RnD716wuiv/cP26FL/+a+fWc=	f	f	t	2025-02-13 08:04:06.353958+00	\N	2003-11-05	Female	\N	\N	2025-02-13 08:04:09.151826	2025-02-13 08:04:09.178225	auditory	Data Science	intermediate
47	test250			test250@gmail.com	\N		2025-02-12 14:48:02.743963+00	pbkdf2_sha256$870000$a4pKFtHARdPqCt641nVDfN$1rL1OfDEeiZVT4FmzJQ314vX0YXLoEMGcKHr3/pcUZQ=	f	f	t	2025-02-12 12:48:02.743963+00	\N	\N	\N	\N	\N	2025-02-12 12:48:04.539191	2025-02-12 12:48:04.557025	physical	Mobile app development	intermediate
48	samatest			samatest@gmail.com	\N		2025-02-13 09:46:22.119271+00	pbkdf2_sha256$870000$1XLwEEbxRteYNxqZYgbkIX$N/Ovpfjk2pK+ryEQyOdP9jFG3YSmbxw2S4u0LAlPxDg=	f	f	t	2025-02-13 07:46:22.119271+00	\N	\N	\N	\N	\N	2025-02-13 07:46:26.423811	2025-02-13 07:46:26.503137	visual	Robotics	advanced
49	samatest2			samatest2@gmail.com	\N		2025-02-13 09:50:04.909706+00	pbkdf2_sha256$870000$T5N3Aq5odS4Q0ZjhVroADv$gm13iohnBuSI0rsQM3/e0NobiCxnzpF8L6KYDJMRJ9I=	f	f	t	2025-02-13 07:50:04.909706+00	\N	\N	\N	\N	\N	2025-02-13 07:50:07.58096	2025-02-13 07:50:07.600352	auditory	Data Engineering	intermediate
50	nancy			nancy@gmail.com	\N		2025-02-13 09:53:21.718293+00	pbkdf2_sha256$870000$AgzuP34U1I1wouUHdJkVqQ$uXc6gGbIBbiZbNNu3Kx8QJ0COspANiGyRa6KZMISM40=	f	f	t	2025-02-13 07:53:21.718293+00	\N	\N	\N	\N	\N	2025-02-13 07:53:24.520758	2025-02-13 07:53:24.556217	auditory	Mobile app development	intermediate
51	tryuser			tryuser@gmail.com	\N		2025-02-13 09:59:30.31622+00	pbkdf2_sha256$870000$Qa51rMqqtDi8XIn9pa4v1b$PIYsG0LyyOcH+Kll3jmgYm6ZIadAKvN/mJ83n1+P6wo=	f	f	t	2025-02-13 07:59:30.31622+00	\N	\N	\N	\N	\N	2025-02-13 07:59:32.823834	2025-02-13 07:59:32.836691	cognitive	Data Engineering	advanced
63	newuser2025			newuser2025@gmail.com	\N		2025-04-17 17:33:29.637332+00	pbkdf2_sha256$870000$RFXljCUFzU7kjUnulpDVm6$M1hpJ4MLgJJsCKjffjZ80L1y2U9h2rBu55wgmzH4HRo=	f	f	t	2025-04-17 15:33:29.637332+00	\N	\N	\N	\N	\N	2025-04-17 15:33:31.191271	2025-04-17 15:33:31.191271	none	AI	beginner
53	railwaytest	Shahd	Elagamy	railwaytest@gmail.com	1013577302		2025-02-23 19:59:23.810088+00	pbkdf2_sha256$870000$8xLX7CK63iuC9FTEr69nng$SzU3Zz9XOX2S9L17TFGhakE+/a/gyo5kGfEKoccLbHI=	f	f	t	2025-02-23 17:59:23.810088+00	2025-02-23 18:20:47.922199+00	2003-11-05	Female	Egypt	\N	2025-02-23 17:59:25.014014	2025-02-23 17:59:25.869596	physical	Data Engineering	intermediate
68	slfdn			alaaa2025@gmail.com	\N		2025-04-17 17:35:21.08755+00	pbkdf2_sha256$870000$AsX0iK4jk5EcgGRq4fg2Qz$OPHZ5Ugb8o+L4U2xEiRPVDPzPqMo51D9k0cbmNpTunc=	f	f	t	2025-04-17 15:35:21.08755+00	\N	\N	\N	\N	\N	2025-04-17 15:35:22.700955	2025-04-17 15:35:22.700955	none	AI	beginner
3	admin				\N	\N	2024-12-21 09:51:49.816666+00	pbkdf2_sha256$870000$ixucAtc6bet6WI40xYPhPv$JGkx1qTnc5ncfLPUmj294yeifko6SS2NhxrK9+3Ox30=	t	t	t	2024-12-21 07:51:49.816666+00	2025-03-05 18:32:28.526646+00	\N	\N	\N	\N	2024-12-21 07:51:50.279403	2024-12-21 07:51:50.279403	none	\N	\N
54	Amany	Amany	Mohamed	Amany@gmail.com	\N		2025-03-23 19:23:13.805256+00	!0bo0cwBG47kZcIZH6HRAQeRF1WznwsU619gNQ5hf	f	f	t	2025-03-23 17:23:13.805256+00	\N	2003-03-23	\N	\N	\N	2025-03-23 17:23:13.840769	2025-03-23 17:23:13.840769	physical	Data Engineering	intermediate
55	Rawan			Rawan@example.com	\N		2025-03-23 19:27:56.614726+00	!kYKipomxkod7Z7BgGtexZuktOdZNCky0boVn31zm	f	f	t	2025-03-23 17:27:56.614726+00	\N	\N	\N	\N	\N	2025-03-23 17:27:56.618701	2025-03-23 17:27:56.618701	physical	AI	intermediate
57	Rawan123	Rawan123	Ahmed	Rawan123@example.com	\N		2025-03-23 19:42:17.317306+00	pbkdf2_sha256$870000$mhFfLYYJztNaMDfH0c3jXF$vEdYJISSPAGcvfgnKvfWHMFUcnyJlU/2jAw5co5u7Mo=	f	f	t	2025-03-23 17:42:17.317306+00	\N	\N	\N	\N	\N	2025-03-23 17:42:17.320295	2025-03-23 17:42:18.235781	physical	AI	intermediate
58	Rawan4	Rawan4	Ahmed	Rawan4@example.com	123456789		2025-03-23 19:56:00.14869+00	pbkdf2_sha256$870000$RbXflP4V981DfhjO4A51c0$+/zcD2530qGAyk9ZJ8uvLA/IL5E13JkCrplpBflfXu8=	f	f	t	2025-03-23 17:56:00.14869+00	\N	\N	\N	\N	\N	2025-03-23 17:56:01.001607	2025-03-23 17:56:01.001607	physical	AI	intermediate
59	Aya567	Aya	Mohamed	aya567@example.com	1122334455		2025-03-25 16:51:01.169144+00	pbkdf2_sha256$870000$zQUV3mlfOHBsuEp4HWktSE$FQxhV2GJY/MgmHlspF6aYoxqD1x4bSU+AJY561voVbc=	f	f	t	2025-03-25 14:51:01.169144+00	\N	1998-08-22	Female	Alexandria, Egypt	\N	2025-03-25 14:51:02.860916	2025-03-25 14:51:02.860916	visual	Cybersecurity	advanced
61	Nour			Nour2003@gmail.com	\N		2025-04-11 15:53:14.927976+00	pbkdf2_sha256$870000$N1miG9Jbv6K99dNxfW39AI$Sam5jJP4lEkiOrSEn0qYqPc0SXorJMLEGLtfEiFPq60=	f	f	t	2025-04-11 13:53:14.927976+00	\N	\N	\N	\N	\N	2025-04-11 13:53:15.655033	2025-04-11 13:53:15.655033	none	AI	beginner
62	shahddd			shahddd@gmail.com	\N		2025-04-16 20:05:21.210801+00	pbkdf2_sha256$870000$1WsaGyjPmX3iWFcXCozG5T$48aZGzIO7pN+BpDqMD7faOmPxtUaOR0luzpvCB++2CY=	f	f	t	2025-04-16 18:05:21.210801+00	\N	\N	\N	\N	\N	2025-04-16 18:05:22.209734	2025-04-16 18:05:22.209734	none	AI	beginner
69	testuser			test@example.com	\N		2025-04-17 18:21:20.3967+00	pbkdf2_sha256$870000$yhRP9H4MdJ4d2jCK3Q1SgA$iN2KdpAQfLyiV2UGHYiG5Yih7VaRudcFj7OiIMFPsU0=	f	f	t	2025-04-17 16:21:20.3967+00	\N	\N	\N	\N	\N	2025-04-17 16:21:21.993242	2025-04-17 16:21:21.993242	none	AI	beginner
71	Mohamed			mohamed@gmail.com	\N		2025-06-13 22:38:55.200792+00	!MgZ7QEyoQze3Fo5FI6udGQkP42HzPM6uTeokHdI3	f	f	t	2025-06-13 22:38:55.200756+00	\N	\N	\N	\N	\N	2025-06-13 22:38:55.202091	2025-06-13 22:38:55.202099	none	AI	beginner
72	Mohammed			mohammed@gmail.com	\N		2025-06-14 01:11:37.011508+00	pbkdf2_sha256$870000$ldfqwhLuhggOnZLM3RKME0$4qTdT8rqw15gxUUehW7hx2fH9gH0nToqPWUitc6TFbs=	f	f	t	2025-06-14 01:11:37.011462+00	\N	\N	\N	\N	\N	2025-06-14 01:11:37.229451	2025-06-14 01:11:37.229465	none	AI	beginner
73	Moohamed			moohamed@gmail.com	\N		2025-06-14 01:13:54.616654+00	pbkdf2_sha256$870000$G6Pn2P1zPjqxsgZl2WLJy4$FlfxAMfz2iZwmXOGkoUYKfy/IU+gzNn0sOk2XOxZn58=	f	f	t	2025-06-14 01:13:54.616639+00	\N	\N	\N	\N	\N	2025-06-14 01:13:54.833916	2025-06-14 01:13:54.833927	none	AI	beginner
\.


--
-- Name: QG_mcqquestion_id_seq1; Type: SEQUENCE SET; Schema: public; Owner: postgres
--

SELECT pg_catalog.setval('public."QG_mcqquestion_id_seq1"', 75, true);


--
-- Name: QG_quiz_id_seq; Type: SEQUENCE SET; Schema: public; Owner: postgres
--

SELECT pg_catalog.setval('public."QG_quiz_id_seq"', 1, false);


--
-- Name: QG_quizresult_id_seq; Type: SEQUENCE SET; Schema: public; Owner: postgres
--

SELECT pg_catalog.setval('public."QG_quizresult_id_seq"', 1, false);


--
-- Name: QG_useranswer_id_seq; Type: SEQUENCE SET; Schema: public; Owner: postgres
--

SELECT pg_catalog.setval('public."QG_useranswer_id_seq"', 1, false);


--
-- Name: QG_userprogress_id_seq; Type: SEQUENCE SET; Schema: public; Owner: postgres
--

SELECT pg_catalog.setval('public."QG_userprogress_id_seq"', 1, false);


--
-- Name: auth_group_id_seq; Type: SEQUENCE SET; Schema: public; Owner: postgres
--

SELECT pg_catalog.setval('public.auth_group_id_seq', 1, false);


--
-- Name: auth_group_permissions_id_seq; Type: SEQUENCE SET; Schema: public; Owner: postgres
--

SELECT pg_catalog.setval('public.auth_group_permissions_id_seq', 1, false);


--
-- Name: auth_permission_id_seq; Type: SEQUENCE SET; Schema: public; Owner: postgres
--

SELECT pg_catalog.setval('public.auth_permission_id_seq', 144, true);


--
-- Name: courses_courseid_seq; Type: SEQUENCE SET; Schema: public; Owner: postgres
--

SELECT pg_catalog.setval('public.courses_courseid_seq', 1, false);


--
-- Name: courses_id_seq; Type: SEQUENCE SET; Schema: public; Owner: postgres
--

SELECT pg_catalog.setval('public.courses_id_seq', 1, false);


--
-- Name: django_admin_log_id_seq; Type: SEQUENCE SET; Schema: public; Owner: postgres
--

SELECT pg_catalog.setval('public.django_admin_log_id_seq', 1, false);


--
-- Name: django_content_type_id_seq; Type: SEQUENCE SET; Schema: public; Owner: postgres
--

SELECT pg_catalog.setval('public.django_content_type_id_seq', 35, true);


--
-- Name: django_migrations_id_seq; Type: SEQUENCE SET; Schema: public; Owner: postgres
--

SELECT pg_catalog.setval('public.django_migrations_id_seq', 109, true);


--
-- Name: roadmap_user_ques_answers_id_seq; Type: SEQUENCE SET; Schema: public; Owner: postgres
--

SELECT pg_catalog.setval('public.roadmap_user_ques_answers_id_seq', 1, false);


--
-- Name: roadmap_userroadmaps_id_seq; Type: SEQUENCE SET; Schema: public; Owner: postgres
--

SELECT pg_catalog.setval('public.roadmap_userroadmaps_id_seq', 1, false);


--
-- Name: token_blacklist_blacklistedtoken_id_seq; Type: SEQUENCE SET; Schema: public; Owner: postgres
--

SELECT pg_catalog.setval('public.token_blacklist_blacklistedtoken_id_seq', 1, true);


--
-- Name: token_blacklist_outstandingtoken_id_seq; Type: SEQUENCE SET; Schema: public; Owner: postgres
--

SELECT pg_catalog.setval('public.token_blacklist_outstandingtoken_id_seq', 28, true);


--
-- Name: tracks_trackid_seq; Type: SEQUENCE SET; Schema: public; Owner: postgres
--

SELECT pg_catalog.setval('public.tracks_trackid_seq', 8, true);


--
-- Name: users_customuser_id_seq; Type: SEQUENCE SET; Schema: public; Owner: postgres
--

SELECT pg_catalog.setval('public.users_customuser_id_seq', 73, true);


--
-- Name: QG_mcqquestion QG_mcqquestion_pkey1; Type: CONSTRAINT; Schema: public; Owner: postgres
--

ALTER TABLE ONLY public."QG_mcqquestion"
    ADD CONSTRAINT "QG_mcqquestion_pkey1" PRIMARY KEY (id);


--
-- Name: QG_quiz QG_quiz_pkey; Type: CONSTRAINT; Schema: public; Owner: postgres
--

ALTER TABLE ONLY public."QG_quiz"
    ADD CONSTRAINT "QG_quiz_pkey" PRIMARY KEY (id);


--
-- Name: QG_quizresult QG_quizresult_pkey; Type: CONSTRAINT; Schema: public; Owner: postgres
--

ALTER TABLE ONLY public."QG_quizresult"
    ADD CONSTRAINT "QG_quizresult_pkey" PRIMARY KEY (id);


--
-- Name: QG_quizresult QG_quizresult_user_id_quiz_id_session_id_97352869_uniq; Type: CONSTRAINT; Schema: public; Owner: postgres
--

ALTER TABLE ONLY public."QG_quizresult"
    ADD CONSTRAINT "QG_quizresult_user_id_quiz_id_session_id_97352869_uniq" UNIQUE (user_id, quiz_id, session_id);


--
-- Name: QG_useranswer QG_useranswer_pkey; Type: CONSTRAINT; Schema: public; Owner: postgres
--

ALTER TABLE ONLY public."QG_useranswer"
    ADD CONSTRAINT "QG_useranswer_pkey" PRIMARY KEY (id);


--
-- Name: QG_userprogress QG_userprogress_pkey; Type: CONSTRAINT; Schema: public; Owner: postgres
--

ALTER TABLE ONLY public."QG_userprogress"
    ADD CONSTRAINT "QG_userprogress_pkey" PRIMARY KEY (id);


--
-- Name: QG_userprogress QG_userprogress_user_id_session_id_aa2960d3_uniq; Type: CONSTRAINT; Schema: public; Owner: postgres
--

ALTER TABLE ONLY public."QG_userprogress"
    ADD CONSTRAINT "QG_userprogress_user_id_session_id_aa2960d3_uniq" UNIQUE (user_id, session_id);


--
-- Name: auth_group auth_group_name_key; Type: CONSTRAINT; Schema: public; Owner: postgres
--

ALTER TABLE ONLY public.auth_group
    ADD CONSTRAINT auth_group_name_key UNIQUE (name);


--
-- Name: auth_group_permissions auth_group_permissions_group_id_permission_id_0cd325b0_uniq; Type: CONSTRAINT; Schema: public; Owner: postgres
--

ALTER TABLE ONLY public.auth_group_permissions
    ADD CONSTRAINT auth_group_permissions_group_id_permission_id_0cd325b0_uniq UNIQUE (group_id, permission_id);


--
-- Name: auth_group_permissions auth_group_permissions_pkey; Type: CONSTRAINT; Schema: public; Owner: postgres
--

ALTER TABLE ONLY public.auth_group_permissions
    ADD CONSTRAINT auth_group_permissions_pkey PRIMARY KEY (id);


--
-- Name: auth_group auth_group_pkey; Type: CONSTRAINT; Schema: public; Owner: postgres
--

ALTER TABLE ONLY public.auth_group
    ADD CONSTRAINT auth_group_pkey PRIMARY KEY (id);


--
-- Name: auth_permission auth_permission_content_type_id_codename_01ab375a_uniq; Type: CONSTRAINT; Schema: public; Owner: postgres
--

ALTER TABLE ONLY public.auth_permission
    ADD CONSTRAINT auth_permission_content_type_id_codename_01ab375a_uniq UNIQUE (content_type_id, codename);


--
-- Name: auth_permission auth_permission_pkey; Type: CONSTRAINT; Schema: public; Owner: postgres
--

ALTER TABLE ONLY public.auth_permission
    ADD CONSTRAINT auth_permission_pkey PRIMARY KEY (id);


--
-- Name: authtoken_token authtoken_token_pkey; Type: CONSTRAINT; Schema: public; Owner: postgres
--

ALTER TABLE ONLY public.authtoken_token
    ADD CONSTRAINT authtoken_token_pkey PRIMARY KEY (key);


--
-- Name: authtoken_token authtoken_token_user_id_key; Type: CONSTRAINT; Schema: public; Owner: postgres
--

ALTER TABLE ONLY public.authtoken_token
    ADD CONSTRAINT authtoken_token_user_id_key UNIQUE (user_id);


--
-- Name: playlist courses_pkey; Type: CONSTRAINT; Schema: public; Owner: postgres
--

ALTER TABLE ONLY public.playlist
    ADD CONSTRAINT courses_pkey PRIMARY KEY (video_id);


--
-- Name: courses courses_pkey1; Type: CONSTRAINT; Schema: public; Owner: postgres
--

ALTER TABLE ONLY public.courses
    ADD CONSTRAINT courses_pkey1 PRIMARY KEY (id);


--
-- Name: django_admin_log django_admin_log_pkey; Type: CONSTRAINT; Schema: public; Owner: postgres
--

ALTER TABLE ONLY public.django_admin_log
    ADD CONSTRAINT django_admin_log_pkey PRIMARY KEY (id);


--
-- Name: django_content_type django_content_type_app_label_model_76bd3d3b_uniq; Type: CONSTRAINT; Schema: public; Owner: postgres
--

ALTER TABLE ONLY public.django_content_type
    ADD CONSTRAINT django_content_type_app_label_model_76bd3d3b_uniq UNIQUE (app_label, model);


--
-- Name: django_content_type django_content_type_pkey; Type: CONSTRAINT; Schema: public; Owner: postgres
--

ALTER TABLE ONLY public.django_content_type
    ADD CONSTRAINT django_content_type_pkey PRIMARY KEY (id);


--
-- Name: django_migrations django_migrations_pkey; Type: CONSTRAINT; Schema: public; Owner: postgres
--

ALTER TABLE ONLY public.django_migrations
    ADD CONSTRAINT django_migrations_pkey PRIMARY KEY (id);


--
-- Name: django_session django_session_pkey; Type: CONSTRAINT; Schema: public; Owner: postgres
--

ALTER TABLE ONLY public.django_session
    ADD CONSTRAINT django_session_pkey PRIMARY KEY (session_key);


--
-- Name: roadmap_user_ques_answers roadmap_user_ques_answers_pkey; Type: CONSTRAINT; Schema: public; Owner: postgres
--

ALTER TABLE ONLY public.roadmap_user_ques_answers
    ADD CONSTRAINT roadmap_user_ques_answers_pkey PRIMARY KEY (id);


--
-- Name: roadmap_userroadmaps roadmap_userroadmaps_pkey; Type: CONSTRAINT; Schema: public; Owner: postgres
--

ALTER TABLE ONLY public.roadmap_userroadmaps
    ADD CONSTRAINT roadmap_userroadmaps_pkey PRIMARY KEY (id);


--
-- Name: token_blacklist_blacklistedtoken token_blacklist_blacklistedtoken_pkey; Type: CONSTRAINT; Schema: public; Owner: postgres
--

ALTER TABLE ONLY public.token_blacklist_blacklistedtoken
    ADD CONSTRAINT token_blacklist_blacklistedtoken_pkey PRIMARY KEY (id);


--
-- Name: token_blacklist_blacklistedtoken token_blacklist_blacklistedtoken_token_id_key; Type: CONSTRAINT; Schema: public; Owner: postgres
--

ALTER TABLE ONLY public.token_blacklist_blacklistedtoken
    ADD CONSTRAINT token_blacklist_blacklistedtoken_token_id_key UNIQUE (token_id);


--
-- Name: token_blacklist_outstandingtoken token_blacklist_outstandingtoken_jti_hex_d9bdf6f7_uniq; Type: CONSTRAINT; Schema: public; Owner: postgres
--

ALTER TABLE ONLY public.token_blacklist_outstandingtoken
    ADD CONSTRAINT token_blacklist_outstandingtoken_jti_hex_d9bdf6f7_uniq UNIQUE (jti);


--
-- Name: token_blacklist_outstandingtoken token_blacklist_outstandingtoken_pkey; Type: CONSTRAINT; Schema: public; Owner: postgres
--

ALTER TABLE ONLY public.token_blacklist_outstandingtoken
    ADD CONSTRAINT token_blacklist_outstandingtoken_pkey PRIMARY KEY (id);


--
-- Name: tracks tracks_pkey; Type: CONSTRAINT; Schema: public; Owner: postgres
--

ALTER TABLE ONLY public.tracks
    ADD CONSTRAINT tracks_pkey PRIMARY KEY (trackid);


--
-- Name: users_customuser users_customuser_email_key; Type: CONSTRAINT; Schema: public; Owner: postgres
--

ALTER TABLE ONLY public.users_customuser
    ADD CONSTRAINT users_customuser_email_key UNIQUE (email);


--
-- Name: users_customuser users_customuser_pkey; Type: CONSTRAINT; Schema: public; Owner: postgres
--

ALTER TABLE ONLY public.users_customuser
    ADD CONSTRAINT users_customuser_pkey PRIMARY KEY (id);


--
-- Name: users_customuser users_customuser_username_key; Type: CONSTRAINT; Schema: public; Owner: postgres
--

ALTER TABLE ONLY public.users_customuser
    ADD CONSTRAINT users_customuser_username_key UNIQUE (username);


--
-- Name: QG_quizresult_quiz_id_f6033ba0; Type: INDEX; Schema: public; Owner: postgres
--

CREATE INDEX "QG_quizresult_quiz_id_f6033ba0" ON public."QG_quizresult" USING btree (quiz_id);


--
-- Name: QG_quizresult_session_id_dae73025; Type: INDEX; Schema: public; Owner: postgres
--

CREATE INDEX "QG_quizresult_session_id_dae73025" ON public."QG_quizresult" USING btree (session_id);


--
-- Name: QG_quizresult_user_id_b23bb350; Type: INDEX; Schema: public; Owner: postgres
--

CREATE INDEX "QG_quizresult_user_id_b23bb350" ON public."QG_quizresult" USING btree (user_id);


--
-- Name: QG_useranswer_question_id_843b618b; Type: INDEX; Schema: public; Owner: postgres
--

CREATE INDEX "QG_useranswer_question_id_843b618b" ON public."QG_useranswer" USING btree (question_id);


--
-- Name: QG_useranswer_quiz_id_5ba9ae28; Type: INDEX; Schema: public; Owner: postgres
--

CREATE INDEX "QG_useranswer_quiz_id_5ba9ae28" ON public."QG_useranswer" USING btree (quiz_id);


--
-- Name: QG_useranswer_user_id_b7cbcbe0; Type: INDEX; Schema: public; Owner: postgres
--

CREATE INDEX "QG_useranswer_user_id_b7cbcbe0" ON public."QG_useranswer" USING btree (user_id);


--
-- Name: QG_userprogress_session_id_e9c1d556; Type: INDEX; Schema: public; Owner: postgres
--

CREATE INDEX "QG_userprogress_session_id_e9c1d556" ON public."QG_userprogress" USING btree (session_id);


--
-- Name: QG_userprogress_user_id_3c1cd6d6; Type: INDEX; Schema: public; Owner: postgres
--

CREATE INDEX "QG_userprogress_user_id_3c1cd6d6" ON public."QG_userprogress" USING btree (user_id);


--
-- Name: auth_group_name_a6ea08ec_like; Type: INDEX; Schema: public; Owner: postgres
--

CREATE INDEX auth_group_name_a6ea08ec_like ON public.auth_group USING btree (name varchar_pattern_ops);


--
-- Name: auth_group_permissions_group_id_b120cbf9; Type: INDEX; Schema: public; Owner: postgres
--

CREATE INDEX auth_group_permissions_group_id_b120cbf9 ON public.auth_group_permissions USING btree (group_id);


--
-- Name: auth_group_permissions_permission_id_84c5c92e; Type: INDEX; Schema: public; Owner: postgres
--

CREATE INDEX auth_group_permissions_permission_id_84c5c92e ON public.auth_group_permissions USING btree (permission_id);


--
-- Name: auth_permission_content_type_id_2f476e4b; Type: INDEX; Schema: public; Owner: postgres
--

CREATE INDEX auth_permission_content_type_id_2f476e4b ON public.auth_permission USING btree (content_type_id);


--
-- Name: authtoken_token_key_10f0b77e_like; Type: INDEX; Schema: public; Owner: postgres
--

CREATE INDEX authtoken_token_key_10f0b77e_like ON public.authtoken_token USING btree (key varchar_pattern_ops);


--
-- Name: courses_user_id_59b23f05; Type: INDEX; Schema: public; Owner: postgres
--

CREATE INDEX courses_user_id_59b23f05 ON public.courses USING btree (user_id);


--
-- Name: django_admin_log_content_type_id_c4bce8eb; Type: INDEX; Schema: public; Owner: postgres
--

CREATE INDEX django_admin_log_content_type_id_c4bce8eb ON public.django_admin_log USING btree (content_type_id);


--
-- Name: django_admin_log_user_id_c564eba6; Type: INDEX; Schema: public; Owner: postgres
--

CREATE INDEX django_admin_log_user_id_c564eba6 ON public.django_admin_log USING btree (user_id);


--
-- Name: django_session_expire_date_a5c62663; Type: INDEX; Schema: public; Owner: postgres
--

CREATE INDEX django_session_expire_date_a5c62663 ON public.django_session USING btree (expire_date);


--
-- Name: django_session_session_key_c0390e0f_like; Type: INDEX; Schema: public; Owner: postgres
--

CREATE INDEX django_session_session_key_c0390e0f_like ON public.django_session USING btree (session_key varchar_pattern_ops);


--
-- Name: idx_playlist_track_id; Type: INDEX; Schema: public; Owner: postgres
--

CREATE INDEX idx_playlist_track_id ON public.playlist USING btree (track_id);


--
-- Name: roadmap_user_ques_answers_user_id_a22c05d5; Type: INDEX; Schema: public; Owner: postgres
--

CREATE INDEX roadmap_user_ques_answers_user_id_a22c05d5 ON public.roadmap_user_ques_answers USING btree (user_id);


--
-- Name: roadmap_userroadmaps_course_id_3f9a9631; Type: INDEX; Schema: public; Owner: postgres
--

CREATE INDEX roadmap_userroadmaps_course_id_3f9a9631 ON public.roadmap_userroadmaps USING btree (course_id);


--
-- Name: roadmap_userroadmaps_user_id_afa40888; Type: INDEX; Schema: public; Owner: postgres
--

CREATE INDEX roadmap_userroadmaps_user_id_afa40888 ON public.roadmap_userroadmaps USING btree (user_id);


--
-- Name: token_blacklist_outstandingtoken_jti_hex_d9bdf6f7_like; Type: INDEX; Schema: public; Owner: postgres
--

CREATE INDEX token_blacklist_outstandingtoken_jti_hex_d9bdf6f7_like ON public.token_blacklist_outstandingtoken USING btree (jti varchar_pattern_ops);


--
-- Name: token_blacklist_outstandingtoken_user_id_83bc629a; Type: INDEX; Schema: public; Owner: postgres
--

CREATE INDEX token_blacklist_outstandingtoken_user_id_83bc629a ON public.token_blacklist_outstandingtoken USING btree (user_id);


--
-- Name: QG_quizresult QG_quizresult_quiz_id_f6033ba0_fk_QG_quiz_id; Type: FK CONSTRAINT; Schema: public; Owner: postgres
--

ALTER TABLE ONLY public."QG_quizresult"
    ADD CONSTRAINT "QG_quizresult_quiz_id_f6033ba0_fk_QG_quiz_id" FOREIGN KEY (quiz_id) REFERENCES public."QG_quiz"(id) DEFERRABLE INITIALLY DEFERRED;


--
-- Name: QG_quizresult QG_quizresult_user_id_b23bb350_fk_users_customuser_id; Type: FK CONSTRAINT; Schema: public; Owner: postgres
--

ALTER TABLE ONLY public."QG_quizresult"
    ADD CONSTRAINT "QG_quizresult_user_id_b23bb350_fk_users_customuser_id" FOREIGN KEY (user_id) REFERENCES public.users_customuser(id) DEFERRABLE INITIALLY DEFERRED;


--
-- Name: QG_useranswer QG_useranswer_quiz_id_5ba9ae28_fk_QG_quiz_id; Type: FK CONSTRAINT; Schema: public; Owner: postgres
--

ALTER TABLE ONLY public."QG_useranswer"
    ADD CONSTRAINT "QG_useranswer_quiz_id_5ba9ae28_fk_QG_quiz_id" FOREIGN KEY (quiz_id) REFERENCES public."QG_quiz"(id) DEFERRABLE INITIALLY DEFERRED;


--
-- Name: QG_useranswer QG_useranswer_user_id_b7cbcbe0_fk_users_customuser_id; Type: FK CONSTRAINT; Schema: public; Owner: postgres
--

ALTER TABLE ONLY public."QG_useranswer"
    ADD CONSTRAINT "QG_useranswer_user_id_b7cbcbe0_fk_users_customuser_id" FOREIGN KEY (user_id) REFERENCES public.users_customuser(id) DEFERRABLE INITIALLY DEFERRED;


--
-- Name: QG_userprogress QG_userprogress_user_id_3c1cd6d6_fk_users_customuser_id; Type: FK CONSTRAINT; Schema: public; Owner: postgres
--

ALTER TABLE ONLY public."QG_userprogress"
    ADD CONSTRAINT "QG_userprogress_user_id_3c1cd6d6_fk_users_customuser_id" FOREIGN KEY (user_id) REFERENCES public.users_customuser(id) DEFERRABLE INITIALLY DEFERRED;


--
-- Name: auth_group_permissions auth_group_permissio_permission_id_84c5c92e_fk_auth_perm; Type: FK CONSTRAINT; Schema: public; Owner: postgres
--

ALTER TABLE ONLY public.auth_group_permissions
    ADD CONSTRAINT auth_group_permissio_permission_id_84c5c92e_fk_auth_perm FOREIGN KEY (permission_id) REFERENCES public.auth_permission(id) DEFERRABLE INITIALLY DEFERRED;


--
-- Name: auth_group_permissions auth_group_permissions_group_id_b120cbf9_fk_auth_group_id; Type: FK CONSTRAINT; Schema: public; Owner: postgres
--

ALTER TABLE ONLY public.auth_group_permissions
    ADD CONSTRAINT auth_group_permissions_group_id_b120cbf9_fk_auth_group_id FOREIGN KEY (group_id) REFERENCES public.auth_group(id) DEFERRABLE INITIALLY DEFERRED;


--
-- Name: auth_permission auth_permission_content_type_id_2f476e4b_fk_django_co; Type: FK CONSTRAINT; Schema: public; Owner: postgres
--

ALTER TABLE ONLY public.auth_permission
    ADD CONSTRAINT auth_permission_content_type_id_2f476e4b_fk_django_co FOREIGN KEY (content_type_id) REFERENCES public.django_content_type(id) DEFERRABLE INITIALLY DEFERRED;


--
-- Name: authtoken_token authtoken_token_user_id_35299eff_fk_users_customuser_id; Type: FK CONSTRAINT; Schema: public; Owner: postgres
--

ALTER TABLE ONLY public.authtoken_token
    ADD CONSTRAINT authtoken_token_user_id_35299eff_fk_users_customuser_id FOREIGN KEY (user_id) REFERENCES public.users_customuser(id) DEFERRABLE INITIALLY DEFERRED;


--
-- Name: courses courses_trackid_fkey; Type: FK CONSTRAINT; Schema: public; Owner: postgres
--

ALTER TABLE ONLY public.courses
    ADD CONSTRAINT courses_trackid_fkey FOREIGN KEY (trackid) REFERENCES public.tracks(trackid) ON DELETE CASCADE;


--
-- Name: courses courses_user_id_59b23f05_fk_users_customuser_id; Type: FK CONSTRAINT; Schema: public; Owner: postgres
--

ALTER TABLE ONLY public.courses
    ADD CONSTRAINT courses_user_id_59b23f05_fk_users_customuser_id FOREIGN KEY (user_id) REFERENCES public.users_customuser(id) DEFERRABLE INITIALLY DEFERRED;


--
-- Name: django_admin_log django_admin_log_content_type_id_c4bce8eb_fk_django_co; Type: FK CONSTRAINT; Schema: public; Owner: postgres
--

ALTER TABLE ONLY public.django_admin_log
    ADD CONSTRAINT django_admin_log_content_type_id_c4bce8eb_fk_django_co FOREIGN KEY (content_type_id) REFERENCES public.django_content_type(id) DEFERRABLE INITIALLY DEFERRED;


--
-- Name: django_admin_log django_admin_log_user_id_c564eba6_fk_users_customuser_id; Type: FK CONSTRAINT; Schema: public; Owner: postgres
--

ALTER TABLE ONLY public.django_admin_log
    ADD CONSTRAINT django_admin_log_user_id_c564eba6_fk_users_customuser_id FOREIGN KEY (user_id) REFERENCES public.users_customuser(id) DEFERRABLE INITIALLY DEFERRED;


--
-- Name: QG_quiz fk_course_id; Type: FK CONSTRAINT; Schema: public; Owner: postgres
--

ALTER TABLE ONLY public."QG_quiz"
    ADD CONSTRAINT fk_course_id FOREIGN KEY (course_id) REFERENCES public.courses(id);


--
-- Name: QG_mcqquestion fk_quiz_id; Type: FK CONSTRAINT; Schema: public; Owner: postgres
--

ALTER TABLE ONLY public."QG_mcqquestion"
    ADD CONSTRAINT fk_quiz_id FOREIGN KEY (quiz_id) REFERENCES public."QG_quiz"(id);


--
-- Name: playlist playlist_course_id_fkey; Type: FK CONSTRAINT; Schema: public; Owner: postgres
--

ALTER TABLE ONLY public.playlist
    ADD CONSTRAINT playlist_course_id_fkey FOREIGN KEY (course_id) REFERENCES public.courses(id) ON DELETE CASCADE;


--
-- Name: playlist playlist_track_id_fkey; Type: FK CONSTRAINT; Schema: public; Owner: postgres
--

ALTER TABLE ONLY public.playlist
    ADD CONSTRAINT playlist_track_id_fkey FOREIGN KEY (track_id) REFERENCES public.tracks(trackid) ON DELETE CASCADE;


--
-- Name: roadmap_user_ques_answers roadmap_user_ques_an_user_id_a22c05d5_fk_users_cus; Type: FK CONSTRAINT; Schema: public; Owner: postgres
--

ALTER TABLE ONLY public.roadmap_user_ques_answers
    ADD CONSTRAINT roadmap_user_ques_an_user_id_a22c05d5_fk_users_cus FOREIGN KEY (user_id) REFERENCES public.users_customuser(id) DEFERRABLE INITIALLY DEFERRED;


--
-- Name: roadmap_userroadmaps roadmap_userroadmaps_course_id_3f9a9631_fk_courses_id; Type: FK CONSTRAINT; Schema: public; Owner: postgres
--

ALTER TABLE ONLY public.roadmap_userroadmaps
    ADD CONSTRAINT roadmap_userroadmaps_course_id_3f9a9631_fk_courses_id FOREIGN KEY (course_id) REFERENCES public.courses(id) DEFERRABLE INITIALLY DEFERRED;


--
-- Name: roadmap_userroadmaps roadmap_userroadmaps_user_id_afa40888_fk_users_customuser_id; Type: FK CONSTRAINT; Schema: public; Owner: postgres
--

ALTER TABLE ONLY public.roadmap_userroadmaps
    ADD CONSTRAINT roadmap_userroadmaps_user_id_afa40888_fk_users_customuser_id FOREIGN KEY (user_id) REFERENCES public.users_customuser(id) DEFERRABLE INITIALLY DEFERRED;


--
-- Name: token_blacklist_blacklistedtoken token_blacklist_blacklistedtoken_token_id_3cc7fe56_fk; Type: FK CONSTRAINT; Schema: public; Owner: postgres
--

ALTER TABLE ONLY public.token_blacklist_blacklistedtoken
    ADD CONSTRAINT token_blacklist_blacklistedtoken_token_id_3cc7fe56_fk FOREIGN KEY (token_id) REFERENCES public.token_blacklist_outstandingtoken(id) DEFERRABLE INITIALLY DEFERRED;


--
-- Name: token_blacklist_outstandingtoken token_blacklist_outs_user_id_83bc629a_fk_users_cus; Type: FK CONSTRAINT; Schema: public; Owner: postgres
--

ALTER TABLE ONLY public.token_blacklist_outstandingtoken
    ADD CONSTRAINT token_blacklist_outs_user_id_83bc629a_fk_users_cus FOREIGN KEY (user_id) REFERENCES public.users_customuser(id) DEFERRABLE INITIALLY DEFERRED;


--
-- PostgreSQL database dump complete
--

